"{'label': '4', 'center': '[555 734]', 'vercoordinate': '[[550, 741], [547, 734], [560, 727], [564, 733]]', 'side': '[16.125, 7.616]', 'area': '122.808', 'angle': '158', 'dist_house': '[[550, 723], 12.083]', 'dist_road': '5.523'}","{'label': '4', 'center': '[550 723]', 'vercoordinate': '[[546, 730], [541, 722], [555, 715], [560, 723]]', 'side': '[15.652, 9.434]', 'area': '147.661', 'angle': '162', 'dist_house': '[[555, 734], 12.083]', 'dist_road': '4.924'}","{'label': '5', 'center': '[565 719]', 'vercoordinate': '[[567, 730], [558, 711], [562, 709], [572, 728]]', 'side': '[21.024, 5.385]', 'area': '113.214', 'angle': '69', 'dist_house': '[[550, 723], 15.524]', 'dist_road': '3.5'}"
"{'label': '4', 'center': '[734 777]', 'vercoordinate': '[[736, 784], [728, 783], [731, 771], [739, 772]]', 'side': '[12.369, 8.062]', 'area': '99.719', 'angle': '101', 'dist_house': '[[735, 761], 16.031]', 'dist_road': '4.5'}","{'label': '4', 'center': '[712 774]', 'vercoordinate': '[[720, 782], [701, 777], [704, 766], [722, 771]]', 'side': '[19.647, 11.18]', 'area': '219.653', 'angle': '117', 'dist_house': '[[710, 757], 17.117]', 'dist_road': '4.301'}","{'label': '4', 'center': '[698 762]', 'vercoordinate': '[[700, 767], [697, 767], [697, 757], [700, 757]]', 'side': '[10.0, 3.0]', 'area': '30.0', 'angle': '261', 'dist_house': '[[710, 757], 13.0]', 'dist_road': '6.946'}","{'label': '4', 'center': '[710 757]', 'vercoordinate': '[[715, 763], [706, 763], [706, 751], [715, 751]]', 'side': '[12.0, 9.0]', 'area': '108.0', 'angle': '279', 'dist_house': '[[698, 762], 13.0]', 'dist_road': '8.846'}","{'label': '4', 'center': '[738 746]', 'vercoordinate': '[[741, 753], [732, 750], [735, 738], [745, 742]]', 'side': '[11.705, 9.487]', 'area': '111.045', 'angle': '309', 'dist_house': '[[725, 748], 13.153]', 'dist_road': '20.67'}","{'label': '4', 'center': '[727 731]', 'vercoordinate': '[[731, 734], [724, 734], [724, 729], [731, 729]]', 'side': '[7.0, 5.0]', 'area': '35.0', 'angle': '297', 'dist_house': '[[743, 728], 16.279]', 'dist_road': '6.5'}","{'label': '4', 'center': '[743 728]', 'vercoordinate': '[[747, 734], [739, 734], [739, 722], [747, 722]]', 'side': '[12.0, 8.0]', 'area': '96.0', 'angle': '261', 'dist_house': '[[747, 713], 15.524]', 'dist_road': '18.385'}","{'label': '4', 'center': '[747 713]', 'vercoordinate': '[[751, 717], [744, 717], [744, 709], [751, 709]]', 'side': '[8.0, 7.0]', 'area': '56.0', 'angle': '198', 'dist_house': '[[759, 711], 12.166]', 'dist_road': '16.763'}","{'label': '5', 'center': '[735 761]', 'vercoordinate': '[[740, 768], [728, 765], [731, 754], [743, 758]]', 'side': '[12.369, 10.44]', 'area': '129.132', 'angle': '90', 'dist_house': '[[738, 746], 15.297]', 'dist_road': '21.593'}","{'label': '5', 'center': '[759 711]', 'vercoordinate': '[[759, 722], [754, 720], [759, 700], [764, 702]]', 'side': '[20.616, 5.385]', 'area': '111.017', 'angle': '283', 'dist_house': '[[747, 713], 12.166]', 'dist_road': '12.258'}","{'label': '5', 'center': '[773 703]', 'vercoordinate': '[[778, 708], [767, 706], [768, 699], [780, 700]]', 'side': '[11.18, 8.246]', 'area': '92.19', 'angle': '0', 'dist_house': '[[759, 711], 16.125]', 'dist_road': '5.0'}","{'label': '5', 'center': '[746 700]', 'vercoordinate': '[[752, 706], [737, 701], [740, 694], [754, 699]]', 'side': '[15.811, 7.28]', 'area': '115.104', 'angle': '189', 'dist_house': '[[747, 713], 13.038]', 'dist_road': '5.523'}","{'label': '9', 'center': '[725 748]', 'vercoordinate': '[[725, 756], [721, 755], [725, 739], [729, 740]]', 'side': '[16.492, 4.123]', 'area': '67.997', 'angle': '207', 'dist_house': '[[738, 746], 13.153]', 'dist_road': '12.777'}"
"{'label': '3', 'center': '[698 692]', 'vercoordinate': '[[702, 696], [693, 695], [694, 687], [703, 689]]', 'side': '[9.055, 7.071]', 'area': '64.028', 'angle': '90', 'dist_house': '[[703, 708], 16.763]', 'dist_road': '4.031'}","{'label': '4', 'center': '[666 753]', 'vercoordinate': '[[672, 757], [660, 757], [660, 749], [672, 749]]', 'side': '[12.0, 8.0]', 'area': '96.0', 'angle': '117', 'dist_house': '[[675, 735], 20.125]', 'dist_road': '5.099'}","{'label': '4', 'center': '[689 739]', 'vercoordinate': '[[692, 744], [683, 740], [685, 734], [694, 738]]', 'side': '[9.849, 6.325]', 'area': '62.295', 'angle': '18', 'dist_house': '[[675, 735], 14.56]', 'dist_road': '6.403'}","{'label': '4', 'center': '[708 724]', 'vercoordinate': '[[708, 730], [704, 729], [707, 719], [711, 720]]', 'side': '[10.44, 4.123]', 'area': '43.044', 'angle': '45', 'dist_house': '[[697, 722], 11.18]', 'dist_road': '5.852'}","{'label': '4', 'center': '[697 722]', 'vercoordinate': '[[699, 729], [690, 724], [695, 715], [704, 719]]', 'side': '[11.18, 10.296]', 'area': '115.109', 'angle': '0', 'dist_house': '[[708, 724], 11.18]', 'dist_road': '13.086'}","{'label': '4', 'center': '[681 721]', 'vercoordinate': '[[684, 728], [673, 724], [677, 713], [688, 717]]', 'side': '[11.705, 11.705]', 'area': '137.007', 'angle': '346', 'dist_house': '[[675, 735], 15.232]', 'dist_road': '24.602'}","{'label': '4', 'center': '[681 686]', 'vercoordinate': '[[689, 692], [672, 688], [674, 681], [691, 685]]', 'side': '[17.464, 7.28]', 'area': '127.138', 'angle': '304', 'dist_house': '[[685, 703], 17.464]', 'dist_road': '4.031'}","{'label': '5', 'center': '[675 735]', 'vercoordinate': '[[678, 741], [668, 738], [672, 728], [682, 732]]', 'side': '[10.44, 9.849]', 'area': '102.824', 'angle': '0', 'dist_house': '[[689, 739], 14.56]', 'dist_road': '16.101'}","{'label': '5', 'center': '[703 708]', 'vercoordinate': '[[710, 715], [694, 711], [696, 702], [712, 706]]', 'side': '[16.492, 9.22]', 'area': '152.056', 'angle': '9', 'dist_house': '[[714, 698], 14.866]', 'dist_road': '10.966'}","{'label': '5', 'center': '[685 703]', 'vercoordinate': '[[688, 711], [678, 707], [683, 695], [692, 699]]', 'side': '[12.649, 10.77]', 'area': '136.23', 'angle': '14', 'dist_house': '[[698, 692], 17.029]', 'dist_road': '15.977'}","{'label': '5', 'center': '[654 700]', 'vercoordinate': '[[664, 707], [641, 699], [643, 694], [666, 701]]', 'side': '[24.352, 6.325]', 'area': '154.026', 'angle': '202', 'dist_house': '[[647, 680], 21.19]', 'dist_road': '12.298'}","{'label': '5', 'center': '[714 698]', 'vercoordinate': '[[721, 705], [705, 700], [707, 692], [723, 696]]', 'side': '[16.763, 9.22]', 'area': '154.555', 'angle': '315', 'dist_house': '[[703, 708], 14.866]', 'dist_road': '5.025'}","{'label': '5', 'center': '[647 680]', 'vercoordinate': '[[645, 687], [641, 685], [648, 673], [653, 675]]', 'side': '[14.422, 4.472]', 'area': '64.495', 'angle': '236', 'dist_house': '[[654, 700], 21.19]', 'dist_road': '5.59'}"
"{'label': '4', 'center': '[784 683]', 'vercoordinate': '[[787, 689], [778, 686], [780, 678], [789, 681]]', 'side': '[9.487, 8.246]', 'area': '78.23', 'angle': '90', 'dist_house': '[[767, 680], 17.263]', 'dist_road': '5.701'}","{'label': '4', 'center': '[754 675]', 'vercoordinate': '[[756, 678], [750, 676], [751, 672], [758, 674]]', 'side': '[6.325, 4.472]', 'area': '28.285', 'angle': '117', 'dist_house': '[[767, 680], 13.928]', 'dist_road': '5.099'}","{'label': '5', 'center': '[805 709]', 'vercoordinate': '[[815, 720], [791, 702], [795, 697], [819, 715]]', 'side': '[30.0, 6.403]', 'area': '192.09', 'angle': '217', 'dist_house': '[[784, 683], 33.422]', 'dist_road': '6.021'}","{'label': '5', 'center': '[767 680]', 'vercoordinate': '[[772, 684], [761, 680], [762, 676], [773, 679]]', 'side': '[11.705, 5.099]', 'area': '59.684', 'angle': '63', 'dist_house': '[[754, 675], 13.928]', 'dist_road': '5.025'}"
"{'label': '0', 'center': '[384 729]', 'vercoordinate': '[[390, 732], [378, 727], [379, 725], [391, 730]]', 'side': '[13.0, 2.236]', 'area': '29.068', 'angle': '0', 'dist_house': '[[389, 713], 16.763]', 'dist_road': '5.852'}","{'label': '0', 'center': '[406 717]', 'vercoordinate': '[[409, 727], [399, 725], [402, 708], [413, 710]]', 'side': '[17.464, 10.198]', 'area': '178.098', 'angle': '14', 'dist_house': '[[420, 721], 14.56]', 'dist_road': '11.705'}","{'label': '0', 'center': '[389 713]', 'vercoordinate': '[[392, 724], [381, 721], [386, 702], [397, 705]]', 'side': '[19.647, 11.402]', 'area': '224.015', 'angle': '11', 'dist_house': '[[374, 709], 15.524]', 'dist_road': '13.285'}","{'label': '5', 'center': '[363 708]', 'vercoordinate': '[[361, 723], [358, 722], [365, 694], [368, 695]]', 'side': '[28.862, 3.162]', 'area': '91.262', 'angle': '107', 'dist_house': '[[374, 709], 11.045]', 'dist_road': '4.031'}","{'label': '5', 'center': '[418 686]', 'vercoordinate': '[[425, 697], [408, 695], [411, 674], [427, 676]]', 'side': '[21.095, 17.117]', 'area': '361.083', 'angle': '0', 'dist_house': '[[406, 717], 33.242]', 'dist_road': '4.031'}","{'label': '6', 'center': '[374 709]', 'vercoordinate': '[[374, 727], [365, 724], [374, 691], [384, 694]]', 'side': '[34.482, 9.487]', 'area': '327.131', 'angle': '106', 'dist_house': '[[363, 708], 11.045]', 'dist_road': '5.701'}","{'label': '9', 'center': '[404 735]', 'vercoordinate': '[[410, 738], [397, 734], [398, 731], [411, 735]]', 'side': '[13.601, 3.162]', 'area': '43.006', 'angle': '0', 'dist_house': '[[406, 717], 18.111]', 'dist_road': '2.062'}","{'label': '9', 'center': '[420 721]', 'vercoordinate': '[[419, 741], [414, 740], [420, 701], [425, 702]]', 'side': '[39.459, 5.099]', 'area': '201.201', 'angle': '97', 'dist_house': '[[406, 717], 14.56]', 'dist_road': '3.536'}"
"{'label': '1', 'center': '[444 671]', 'vercoordinate': '[[448, 675], [441, 675], [441, 667], [448, 667]]', 'side': '[8.0, 7.0]', 'area': '56.0', 'angle': '0', 'dist_house': '[[454, 693], 24.166]', 'dist_road': '5.0'}","{'label': '2', 'center': '[442 715]', 'vercoordinate': '[[446, 723], [435, 719], [439, 708], [450, 711]]', 'side': '[12.649, 11.705]', 'area': '148.057', 'angle': '225', 'dist_house': '[[443, 731], 16.031]', 'dist_road': '6.021'}","{'label': '3', 'center': '[519 721]', 'vercoordinate': '[[515, 730], [510, 716], [522, 711], [528, 725]]', 'side': '[14.866, 13.928]', 'area': '207.054', 'angle': '329', 'dist_house': '[[524, 735], 14.866]', 'dist_road': '5.099'}","{'label': '4', 'center': '[472 748]', 'vercoordinate': '[[475, 752], [467, 749], [468, 745], [476, 748]]', 'side': '[8.544, 4.123]', 'area': '35.227', 'angle': '90', 'dist_house': '[[475, 737], 11.402]', 'dist_road': '6.265'}","{'label': '4', 'center': '[499 748]', 'vercoordinate': '[[503, 751], [495, 751], [495, 746], [503, 746]]', 'side': '[8.0, 5.0]', 'area': '40.0', 'angle': '63', 'dist_house': '[[487, 744], 12.649]', 'dist_road': '8.246'}","{'label': '4', 'center': '[487 744]', 'vercoordinate': '[[488, 750], [483, 749], [486, 738], [491, 739]]', 'side': '[11.402, 5.099]', 'area': '58.139', 'angle': '112', 'dist_house': '[[499, 748], 12.649]', 'dist_road': '7.517'}","{'label': '4', 'center': '[459 743]', 'vercoordinate': '[[462, 749], [456, 749], [456, 738], [462, 738]]', 'side': '[11.0, 6.0]', 'area': '66.0', 'angle': '76', 'dist_house': '[[472, 748], 13.928]', 'dist_road': '5.099'}","{'label': '4', 'center': '[436 739]', 'vercoordinate': '[[439, 743], [434, 743], [434, 736], [439, 736]]', 'side': '[7.0, 5.0]', 'area': '35.0', 'angle': '0', 'dist_house': '[[443, 731], 10.63]', 'dist_road': '5.22'}","{'label': '4', 'center': '[443 731]', 'vercoordinate': '[[451, 737], [434, 730], [436, 725], [453, 732]]', 'side': '[18.385, 5.385]', 'area': '99.003', 'angle': '210', 'dist_house': '[[436, 739], 10.63]', 'dist_road': '5.025'}","{'label': '5', 'center': '[507 736]', 'vercoordinate': '[[503, 740], [501, 734], [510, 731], [512, 738]]', 'side': '[9.22, 6.325]', 'area': '58.317', 'angle': '326', 'dist_house': '[[499, 748], 14.422]', 'dist_road': '20.006'}","{'label': '5', 'center': '[524 735]', 'vercoordinate': '[[519, 741], [516, 735], [528, 729], [531, 735]]', 'side': '[13.416, 6.708]', 'area': '89.995', 'angle': '329', 'dist_house': '[[519, 721], 14.866]', 'dist_road': '5.852'}","{'label': '5', 'center': '[475 737]', 'vercoordinate': '[[477, 745], [467, 738], [472, 729], [483, 736]]', 'side': '[12.207, 10.817]', 'area': '132.043', 'angle': '225', 'dist_house': '[[472, 748], 11.402]', 'dist_road': '14.773'}","{'label': '5', 'center': '[459 726]', 'vercoordinate': '[[465, 733], [449, 725], [453, 718], [469, 726]]', 'side': '[17.889, 8.062]', 'area': '144.221', 'angle': '203', 'dist_house': '[[443, 731], 16.763]', 'dist_road': '20.156'}","{'label': '5', 'center': '[502 719]', 'vercoordinate': '[[499, 724], [496, 717], [505, 714], [507, 721]]', 'side': '[8.544, 7.616]', 'area': '65.071', 'angle': '0', 'dist_house': '[[519, 721], 17.117]', 'dist_road': '22.655'}","{'label': '5', 'center': '[471 710]', 'vercoordinate': '[[456, 716], [455, 709], [486, 704], [487, 712]]', 'side': '[31.257, 7.071]', 'area': '221.018', 'angle': '172', 'dist_house': '[[459, 726], 20.0]', 'dist_road': '18.007'}","{'label': '5', 'center': '[514 706]', 'vercoordinate': '[[510, 713], [506, 706], [518, 700], [521, 707]]', 'side': '[12.53, 8.062]', 'area': '101.017', 'angle': '323', 'dist_house': '[[519, 721], 15.811]', 'dist_road': '6.042'}","{'label': '5', 'center': '[454 693]', 'vercoordinate': '[[459, 698], [449, 698], [449, 689], [459, 689]]', 'side': '[10.0, 9.0]', 'area': '90.0', 'angle': '256', 'dist_house': '[[471, 710], 24.042]', 'dist_road': '9.22'}","{'label': '9', 'center': '[516 750]', 'vercoordinate': '[[511, 756], [509, 749], [521, 745], [523, 752]]', 'side': '[12.649, 7.28]', 'area': '92.085', 'angle': '90', 'dist_house': '[[507, 736], 16.643]', 'dist_road': '5.0'}"
"{'label': '2', 'center': '[338 671]', 'vercoordinate': '[[341, 678], [332, 675], [334, 664], [344, 667]]', 'side': '[11.402, 9.487]', 'area': '108.171', 'angle': '284', 'dist_house': '[[335, 686], 15.297]', 'dist_road': '6.265'}","{'label': '4', 'center': '[339 710]', 'vercoordinate': '[[344, 715], [332, 710], [335, 704], [346, 710]]', 'side': '[13.0, 5.385]', 'area': '70.005', 'angle': '90', 'dist_house': '[[344, 700], 11.18]', 'dist_road': '4.61'}","{'label': '4', 'center': '[344 700]', 'vercoordinate': '[[349, 703], [339, 702], [340, 696], [350, 698]]', 'side': '[10.05, 5.099]', 'area': '51.245', 'angle': '0', 'dist_house': '[[339, 710], 11.18]', 'dist_road': '6.042'}","{'label': '4', 'center': '[323 696]', 'vercoordinate': '[[327, 705], [313, 695], [319, 686], [333, 697]]', 'side': '[17.205, 10.0]', 'area': '172.05', 'angle': '108', 'dist_house': '[[335, 686], 15.62]', 'dist_road': '4.243'}","{'label': '5', 'center': '[335 686]', 'vercoordinate': '[[335, 691], [331, 689], [335, 681], [339, 683]]', 'side': '[8.944, 4.472]', 'area': '39.998', 'angle': '0', 'dist_house': '[[338, 671], 15.297]', 'dist_road': '17.889'}"
"{'label': '4', 'center': '[485 676]', 'vercoordinate': '[[481, 681], [478, 675], [490, 670], [492, 677]]', 'side': '[11.705, 6.708]', 'area': '78.517', 'angle': '45', 'dist_house': '[[483, 665], 11.18]', 'dist_road': '7.826'}","{'label': '4', 'center': '[501 670]', 'vercoordinate': '[[497, 676], [494, 669], [505, 664], [508, 671]]', 'side': '[12.083, 7.616]', 'area': '92.024', 'angle': '45', 'dist_house': '[[485, 676], 17.088]', 'dist_road': '5.148'}","{'label': '5', 'center': '[470 671]', 'vercoordinate': '[[469, 680], [464, 665], [470, 663], [475, 678]]', 'side': '[15.811, 6.325]', 'area': '100.005', 'angle': '252', 'dist_house': '[[483, 665], 14.318]', 'dist_road': '5.0'}","{'label': '5', 'center': '[483 665]', 'vercoordinate': '[[479, 669], [478, 663], [487, 661], [488, 666]]', 'side': '[9.487, 6.083]', 'area': '57.709', 'angle': '90', 'dist_house': '[[485, 676], 11.18]', 'dist_road': '6.021'}"
"{'label': '4', 'center': '[622 685]', 'vercoordinate': '[[622, 692], [617, 690], [621, 678], [626, 680]]', 'side': '[12.649, 5.385]', 'area': '68.115', 'angle': '0', 'dist_house': '[[611, 683], 11.18]', 'dist_road': '5.099'}","{'label': '4', 'center': '[611 683]', 'vercoordinate': '[[611, 693], [605, 690], [612, 674], [618, 677]]', 'side': '[17.464, 6.708]', 'area': '117.149', 'angle': '225', 'dist_house': '[[622, 685], 11.18]', 'dist_road': '4.61'}","{'label': '5', 'center': '[625 668]', 'vercoordinate': '[[630, 676], [617, 668], [621, 661], [634, 669]]', 'side': '[15.264, 8.062]', 'area': '123.058', 'angle': '219', 'dist_house': '[[622, 685], 17.263]', 'dist_road': '4.61'}"
"{'label': '5', 'center': '[794 662]', 'vercoordinate': '[[795, 668], [790, 667], [793, 656], [798, 658]]', 'side': '[10.44, 5.099]', 'area': '53.234', 'angle': '304', 'dist_house': '[[775, 656], 19.925]', 'dist_road': '4.743'}","{'label': '5', 'center': '[761 655]', 'vercoordinate': '[[764, 657], [759, 657], [759, 654], [764, 654]]', 'side': '[5.0, 3.0]', 'area': '15.0', 'angle': '0', 'dist_house': '[[775, 656], 14.036]', 'dist_road': '4.924'}","{'label': '5', 'center': '[775 656]', 'vercoordinate': '[[781, 661], [768, 658], [769, 651], [783, 653]]', 'side': '[13.342, 8.246]', 'area': '110.018', 'angle': '90', 'dist_house': '[[761, 655], 14.036]', 'dist_road': '5.831'}"
"{'label': '4', 'center': '[575 667]', 'vercoordinate': '[[581, 672], [568, 666], [569, 663], [583, 669]]', 'side': '[14.318, 3.606]', 'area': '51.631', 'angle': '90', 'dist_house': '[[596, 663], 21.378]', 'dist_road': '6.364'}","{'label': '5', 'center': '[596 663]', 'vercoordinate': '[[596, 675], [586, 670], [596, 650], [606, 655]]', 'side': '[22.361, 11.18]', 'area': '249.996', 'angle': '297', 'dist_house': '[[575, 667], 21.378]', 'dist_road': '4.61'}"
"{'label': '3', 'center': '[312 658]', 'vercoordinate': '[[314, 664], [306, 660], [310, 653], [318, 657]]', 'side': '[8.944, 8.062]', 'area': '72.107', 'angle': '18', 'dist_house': '[[300, 655], 12.369]', 'dist_road': '4.717'}","{'label': '3', 'center': '[300 655]', 'vercoordinate': '[[302, 659], [296, 658], [297, 652], [304, 653]]', 'side': '[6.325, 6.083]', 'area': '38.475', 'angle': '288', 'dist_house': '[[312, 658], 12.369]', 'dist_road': '7.433'}","{'label': '4', 'center': '[302 669]', 'vercoordinate': '[[307, 675], [294, 668], [297, 662], [310, 669]]', 'side': '[14.765, 6.708]', 'area': '99.044', 'angle': '18', 'dist_house': '[[300, 655], 14.142]', 'dist_road': '5.59'}"
"{'label': '3', 'center': '[726 677]', 'vercoordinate': '[[732, 682], [720, 682], [720, 672], [732, 672]]', 'side': '[12.0, 10.0]', 'area': '120.0', 'angle': '108', 'dist_house': '[[724, 664], 13.153]', 'dist_road': '4.472'}","{'label': '4', 'center': '[680 665]', 'vercoordinate': '[[681, 671], [674, 667], [678, 660], [685, 664]]', 'side': '[8.062, 8.062]', 'area': '64.996', 'angle': '135', 'dist_house': '[[673, 656], 11.402]', 'dist_road': '5.59'}","{'label': '5', 'center': '[724 664]', 'vercoordinate': '[[736, 667], [713, 667], [713, 661], [736, 661]]', 'side': '[23.0, 6.0]', 'area': '138.0', 'angle': '355', 'dist_house': '[[726, 677], 13.153]', 'dist_road': '6.325'}","{'label': '5', 'center': '[699 667]', 'vercoordinate': '[[705, 677], [690, 675], [693, 657], [708, 660]]', 'side': '[17.263, 15.133]', 'area': '261.241', 'angle': '99', 'dist_house': '[[680, 665], 19.105]', 'dist_road': '4.031'}","{'label': '5', 'center': '[673 656]', 'vercoordinate': '[[668, 666], [664, 662], [678, 645], [683, 650]]', 'side': '[21.932, 5.657]', 'area': '124.069', 'angle': '135', 'dist_house': '[[680, 665], 11.402]', 'dist_road': '4.272'}"
"{'label': '4', 'center': '[634 643]', 'vercoordinate': '[[635, 648], [630, 646], [634, 638], [639, 640]]', 'side': '[8.944, 5.385]', 'area': '48.163', 'angle': '117', 'dist_house': '[[647, 648], 13.928]', 'dist_road': '4.61'}","{'label': '5', 'center': '[647 648]', 'vercoordinate': '[[650, 657], [638, 651], [644, 640], [655, 646]]', 'side': '[13.416, 12.083]', 'area': '162.106', 'angle': '112', 'dist_house': '[[634, 643], 13.928]', 'dist_road': '4.472'}"
"{'label': '4', 'center': '[548 691]', 'vercoordinate': '[[535, 702], [532, 695], [560, 680], [564, 687]]', 'side': '[32.65, 7.616]', 'area': '248.662', 'angle': '158', 'dist_house': '[[542, 678], 14.318]', 'dist_road': '5.148'}","{'label': '4', 'center': '[542 678]', 'vercoordinate': '[[539, 685], [535, 676], [544, 671], [549, 680]]', 'side': '[11.18, 9.849]', 'area': '110.112', 'angle': '153', 'dist_house': '[[548, 691], 14.318]', 'dist_road': '13.435'}"
"{'label': '3', 'center': '[389 652]', 'vercoordinate': '[[393, 659], [381, 654], [385, 645], [397, 650]]', 'side': '[13.0, 9.849]', 'area': '128.037', 'angle': '297', 'dist_house': '[[406, 656], 17.464]', 'dist_road': '8.5'}","{'label': '3', 'center': '[370 649]', 'vercoordinate': '[[371, 660], [361, 655], [368, 638], [379, 643]]', 'side': '[18.788, 11.18]', 'area': '210.05', 'angle': '113', 'dist_house': '[[389, 652], 19.235]', 'dist_road': '3.905'}","{'label': '5', 'center': '[406 656]', 'vercoordinate': '[[411, 661], [399, 657], [402, 650], [413, 654]]', 'side': '[12.649, 7.28]', 'area': '92.085', 'angle': '288', 'dist_house': '[[389, 652], 17.464]', 'dist_road': '5.408'}"
"{'label': '5', 'center': '[731 646]', 'vercoordinate': '[[742, 652], [718, 644], [719, 640], [743, 648]]', 'side': '[25.298, 4.123]', 'area': '104.304', 'angle': '135', 'dist_house': '[[700, 637], 32.28]', 'dist_road': '4.123'}","{'label': '5', 'center': '[700 637]', 'vercoordinate': '[[714, 643], [686, 635], [687, 631], [715, 639]]', 'side': '[29.12, 4.123]', 'area': '120.062', 'angle': '27', 'dist_house': '[[731, 646], 32.28]', 'dist_road': '4.472'}"
"{'label': '5', 'center': '[822 653]', 'vercoordinate': '[[824, 658], [817, 652], [820, 648], [828, 654]]', 'side': '[9.22, 5.657]', 'area': '52.158', 'angle': '117', 'dist_house': '[[787, 637], 38.484]', 'dist_road': '5.22'}","{'label': '5', 'center': '[787 637]', 'vercoordinate': '[[794, 643], [778, 639], [780, 632], [796, 636]]', 'side': '[16.492, 7.28]', 'area': '120.062', 'angle': '108', 'dist_house': '[[822, 653], 38.484]', 'dist_road': '3.606'}"
"{'label': '5', 'center': '[483 641]', 'vercoordinate': '[[488, 648], [479, 648], [479, 635], [488, 635]]', 'side': '[13.0, 9.0]', 'area': '117.0', 'angle': '198', 'dist_house': '[[500, 639], 17.117]', 'dist_road': '4.031'}","{'label': '5', 'center': '[500 639]', 'vercoordinate': '[[504, 646], [497, 646], [497, 633], [504, 633]]', 'side': '[13.0, 7.0]', 'area': '91.0', 'angle': '81', 'dist_house': '[[499, 624], 15.033]', 'dist_road': '5.025'}","{'label': '5', 'center': '[499 624]', 'vercoordinate': '[[511, 628], [488, 628], [488, 621], [511, 621]]', 'side': '[23.0, 7.0]', 'area': '161.0', 'angle': '90', 'dist_house': '[[500, 639], 15.033]', 'dist_road': '5.025'}"
"{'label': '4', 'center': '[659 625]', 'vercoordinate': '[[662, 629], [654, 625], [656, 621], [664, 625]]', 'side': '[8.944, 4.472]', 'area': '39.998', 'angle': '90', 'dist_house': '[[648, 622], 11.402]', 'dist_road': '6.325'}","{'label': '4', 'center': '[648 622]', 'vercoordinate': '[[648, 628], [644, 626], [648, 617], [652, 619]]', 'side': '[9.849, 4.472]', 'area': '44.045', 'angle': '135', 'dist_house': '[[659, 625], 11.402]', 'dist_road': '5.099'}"
"{'label': '5', 'center': '[718 620]', 'vercoordinate': '[[724, 629], [707, 623], [711, 611], [728, 617]]', 'side': '[18.028, 12.649]', 'area': '228.036', 'angle': '297', 'dist_house': '[[699, 614], 19.925]', 'dist_road': '4.717'}","{'label': '5', 'center': '[699 614]', 'vercoordinate': '[[702, 623], [690, 618], [695, 605], [708, 610]]', 'side': '[14.318, 13.0]', 'area': '186.134', 'angle': '304', 'dist_house': '[[718, 620], 19.925]', 'dist_road': '3.536'}","{'label': '9', 'center': '[739 628]', 'vercoordinate': '[[746, 636], [729, 630], [733, 620], [750, 626]]', 'side': '[18.028, 10.77]', 'area': '194.162', 'angle': '281', 'dist_house': '[[718, 620], 22.472]', 'dist_road': '4.031'}"
"{'label': '4', 'center': '[543 629]', 'vercoordinate': '[[549, 634], [538, 634], [538, 624], [549, 624]]', 'side': '[11.0, 10.0]', 'area': '110.0', 'angle': '117', 'dist_house': '[[528, 624], 15.811]', 'dist_road': '9.552'}","{'label': '4', 'center': '[551 600]', 'vercoordinate': '[[555, 609], [543, 606], [547, 591], [559, 594]]', 'side': '[15.524, 12.369]', 'area': '192.016', 'angle': '217', 'dist_house': '[[565, 612], 18.439]', 'dist_road': '14.396'}","{'label': '4', 'center': '[607 588]', 'vercoordinate': '[[593, 593], [592, 586], [621, 583], [622, 590]]', 'side': '[29.155, 7.071]', 'area': '206.155', 'angle': '252', 'dist_house': '[[610, 611], 23.195]', 'dist_road': '4.528'}","{'label': '5', 'center': '[560 636]', 'vercoordinate': '[[566, 641], [554, 641], [554, 632], [566, 632]]', 'side': '[12.0, 9.0]', 'area': '108.0', 'angle': '90', 'dist_house': '[[543, 629], 18.385]', 'dist_road': '4.472'}","{'label': '5', 'center': '[607 636]', 'vercoordinate': '[[615, 645], [595, 636], [599, 628], [618, 636]]', 'side': '[21.932, 9.487]', 'area': '208.069', 'angle': '117', 'dist_house': '[[584, 629], 24.042]', 'dist_road': '4.924'}","{'label': '5', 'center': '[584 629]', 'vercoordinate': '[[588, 636], [578, 634], [580, 623], [590, 624]]', 'side': '[12.166, 10.198]', 'area': '124.069', 'angle': '101', 'dist_house': '[[607, 636], 24.042]', 'dist_road': '4.0'}","{'label': '5', 'center': '[528 624]', 'vercoordinate': '[[531, 629], [524, 627], [526, 620], [533, 622]]', 'side': '[7.28, 7.28]', 'area': '52.998', 'angle': '0', 'dist_house': '[[535, 612], 13.892]', 'dist_road': '4.031'}","{'label': '5', 'center': '[535 612]', 'vercoordinate': '[[540, 618], [528, 614], [531, 606], [543, 610]]', 'side': '[12.649, 8.544]', 'area': '108.073', 'angle': '217', 'dist_house': '[[528, 624], 13.892]', 'dist_road': '3.5'}","{'label': '5', 'center': '[565 612]', 'vercoordinate': '[[570, 620], [557, 617], [561, 604], [573, 607]]', 'side': '[13.342, 13.342]', 'area': '178.009', 'angle': '90', 'dist_house': '[[551, 600], 18.439]', 'dist_road': '24.382'}","{'label': '5', 'center': '[610 611]', 'vercoordinate': '[[614, 618], [604, 616], [606, 603], [617, 605]]', 'side': '[13.342, 10.198]', 'area': '136.062', 'angle': '18', 'dist_house': '[[625, 618], 16.553]', 'dist_road': '23.033'}","{'label': '5', 'center': '[590 605]', 'vercoordinate': '[[599, 612], [580, 609], [581, 597], [601, 600]]', 'side': '[19.235, 12.166]', 'area': '234.013', 'angle': '7', 'dist_house': '[[610, 611], 20.881]', 'dist_road': '17.5'}","{'label': '5', 'center': '[571 588]', 'vercoordinate': '[[587, 592], [554, 589], [555, 583], [588, 586]]', 'side': '[33.136, 6.083]', 'area': '201.566', 'angle': '90', 'dist_house': '[[551, 600], 23.324]', 'dist_road': '4.528'}","{'label': '9', 'center': '[625 618]', 'vercoordinate': '[[629, 625], [618, 620], [622, 611], [633, 616]]', 'side': '[12.083, 9.849]', 'area': '119.005', 'angle': '14', 'dist_house': '[[631, 604], 15.232]', 'dist_road': '5.22'}","{'label': '9', 'center': '[631 604]', 'vercoordinate': '[[635, 612], [622, 606], [628, 596], [640, 602]]', 'side': '[14.318, 11.18]', 'area': '160.075', 'angle': '18', 'dist_house': '[[625, 618], 15.232]', 'dist_road': '5.408'}"
"{'label': '5', 'center': '[650 590]', 'vercoordinate': '[[655, 595], [643, 590], [646, 584], [657, 590]]', 'side': '[13.0, 5.385]', 'area': '70.005', 'angle': '18', 'dist_house': '[[656, 578], 13.416]', 'dist_road': '5.22'}","{'label': '5', 'center': '[644 577]', 'vercoordinate': '[[646, 580], [641, 577], [643, 573], [648, 577]]', 'side': '[5.831, 3.606]', 'area': '21.027', 'angle': '214', 'dist_house': '[[656, 578], 12.042]', 'dist_road': '5.385'}","{'label': '5', 'center': '[656 578]', 'vercoordinate': '[[657, 585], [651, 582], [656, 571], [662, 574]]', 'side': '[12.083, 6.708]', 'area': '81.053', 'angle': '0', 'dist_house': '[[644, 577], 12.042]', 'dist_road': '4.272'}"
"{'label': '5', 'center': '[515 601]', 'vercoordinate': '[[517, 610], [508, 607], [513, 591], [521, 594]]', 'side': '[16.492, 9.487]', 'area': '156.46', 'angle': '0', 'dist_house': '[[501, 595], 15.232]', 'dist_road': '5.0'}","{'label': '5', 'center': '[501 595]', 'vercoordinate': '[[505, 605], [492, 601], [498, 585], [510, 589]]', 'side': '[16.763, 13.601]', 'area': '227.994', 'angle': '202', 'dist_house': '[[515, 601], 15.232]', 'dist_road': '3.606'}","{'label': '9', 'center': '[513 579]', 'vercoordinate': '[[522, 589], [499, 579], [503, 569], [527, 579]]', 'side': '[25.08, 11.18]', 'area': '280.394', 'angle': '204', 'dist_house': '[[501, 595], 20.0]', 'dist_road': '4.472'}"
"{'label': '2', 'center': '[801 620]', 'vercoordinate': '[[803, 623], [797, 619], [799, 616], [805, 620]]', 'side': '[7.211, 3.606]', 'area': '26.003', 'angle': '117', 'dist_house': '[[810, 612], 12.042]', 'dist_road': '3.5'}","{'label': '2', 'center': '[789 615]', 'vercoordinate': '[[791, 620], [784, 615], [788, 610], [795, 615]]', 'side': '[8.602, 6.403]', 'area': '55.079', 'angle': '117', 'dist_house': '[[801, 620], 13.0]', 'dist_road': '6.519'}","{'label': '2', 'center': '[798 600]', 'vercoordinate': '[[800, 606], [792, 599], [796, 594], [804, 600]]', 'side': '[10.63, 7.211]', 'area': '76.653', 'angle': '217', 'dist_house': '[[810, 612], 16.971]', 'dist_road': '7.5'}","{'label': '4', 'center': '[819 628]', 'vercoordinate': '[[823, 634], [812, 627], [815, 622], [826, 630]]', 'side': '[13.038, 5.0]', 'area': '65.19', 'angle': '153', 'dist_house': '[[824, 620], 9.434]', 'dist_road': '2.55'}","{'label': '4', 'center': '[810 612]', 'vercoordinate': '[[810, 619], [802, 612], [809, 604], [817, 611]]', 'side': '[10.63, 10.63]', 'area': '112.997', 'angle': '225', 'dist_house': '[[801, 620], 12.042]', 'dist_road': '9.708'}","{'label': '5', 'center': '[836 630]', 'vercoordinate': '[[839, 635], [831, 631], [834, 626], [842, 630]]', 'side': '[8.944, 5.831]', 'area': '52.152', 'angle': '297', 'dist_house': '[[824, 620], 15.62]', 'dist_road': '8.944'}","{'label': '5', 'center': '[824 620]', 'vercoordinate': '[[828, 625], [817, 619], [819, 614], [830, 621]]', 'side': '[12.53, 4.472]', 'area': '56.034', 'angle': '297', 'dist_house': '[[819, 628], 9.434]', 'dist_road': '12.298'}"
"{'label': '2', 'center': '[461 639]', 'vercoordinate': '[[465, 646], [455, 644], [457, 632], [467, 634]]', 'side': '[12.166, 10.198]', 'area': '124.069', 'angle': '0', 'dist_house': '[[447, 638], 14.036]', 'dist_road': '4.0'}","{'label': '2', 'center': '[456 596]', 'vercoordinate': '[[458, 604], [451, 602], [454, 587], [462, 589]]', 'side': '[15.524, 7.28]', 'area': '113.015', 'angle': '225', 'dist_house': '[[469, 580], 20.616]', 'dist_road': '6.042'}","{'label': '5', 'center': '[481 585]', 'vercoordinate': '[[482, 594], [476, 592], [481, 577], [487, 579]]', 'side': '[15.811, 6.325]', 'area': '100.005', 'angle': '0', 'dist_house': '[[469, 580], 13.0]', 'dist_road': '5.148'}","{'label': '5', 'center': '[469 580]', 'vercoordinate': '[[471, 589], [461, 584], [468, 571], [478, 576]]', 'side': '[14.765, 11.18]', 'area': '165.073', 'angle': '217', 'dist_house': '[[481, 585], 13.0]', 'dist_road': '12.748'}","{'label': '5', 'center': '[447 638]', 'vercoordinate': '[[449, 652], [441, 651], [446, 624], [454, 626]]', 'side': '[26.476, 8.062]', 'area': '213.45', 'angle': '104', 'dist_house': '[[461, 639], 14.036]', 'dist_road': '2.5'}","{'label': '5', 'center': '[481 568]', 'vercoordinate': '[[487, 574], [473, 569], [475, 562], [489, 566]]', 'side': '[14.866, 8.246]', 'area': '122.585', 'angle': '16', 'dist_house': '[[469, 580], 16.971]', 'dist_road': '5.0'}"
"{'label': '1', 'center': '[412 623]', 'vercoordinate': '[[408, 630], [408, 617], [416, 617], [416, 630]]', 'side': '[13.0, 8.0]', 'area': '104.0', 'angle': '108', 'dist_house': '[[430, 606], 24.759]', 'dist_road': '12.53'}","{'label': '3', 'center': '[372 598]', 'vercoordinate': '[[376, 609], [361, 602], [369, 588], [383, 595]]', 'side': '[16.553, 15.652]', 'area': '259.088', 'angle': '30', 'dist_house': '[[356, 596], 16.125]', 'dist_road': '22.192'}","{'label': '3', 'center': '[346 587]', 'vercoordinate': '[[344, 608], [334, 605], [348, 567], [357, 570]]', 'side': '[40.162, 10.44]', 'area': '419.291', 'angle': '290', 'dist_house': '[[356, 596], 13.454]', 'dist_road': '22.192'}","{'label': '4', 'center': '[430 606]', 'vercoordinate': '[[429, 638], [419, 636], [430, 575], [440, 577]]', 'side': '[61.984, 10.198]', 'area': '632.113', 'angle': '309', 'dist_house': '[[412, 623], 24.759]', 'dist_road': '5.701'}","{'label': '5', 'center': '[345 644]', 'vercoordinate': '[[345, 652], [339, 649], [345, 636], [350, 639]]', 'side': '[13.928, 6.708]', 'area': '93.429', 'angle': '135', 'dist_house': '[[334, 640], 11.705]', 'dist_road': '5.5'}","{'label': '5', 'center': '[334 640]', 'vercoordinate': '[[334, 651], [327, 648], [335, 630], [341, 632]]', 'side': '[20.248, 7.616]', 'area': '154.209', 'angle': '114', 'dist_house': '[[345, 644], 11.705]', 'dist_road': '5.523'}","{'label': '5', 'center': '[317 630]', 'vercoordinate': '[[323, 645], [302, 634], [311, 616], [333, 627]]', 'side': '[23.707, 20.591]', 'area': '488.151', 'angle': '103', 'dist_house': '[[334, 640], 19.723]', 'dist_road': '3.5'}","{'label': '5', 'center': '[343 620]', 'vercoordinate': '[[354, 632], [327, 619], [332, 608], [359, 622]]', 'side': '[29.967, 11.18]', 'area': '335.031', 'angle': '23', 'dist_house': '[[334, 640], 21.932]', 'dist_road': '6.265'}","{'label': '5', 'center': '[389 613]', 'vercoordinate': '[[387, 627], [377, 621], [391, 600], [401, 606]]', 'side': '[25.239, 11.662]', 'area': '294.337', 'angle': '125', 'dist_house': '[[372, 598], 22.672]', 'dist_road': '5.831'}","{'label': '5', 'center': '[356 596]', 'vercoordinate': '[[354, 613], [347, 611], [358, 580], [364, 582]]', 'side': '[32.573, 7.28]', 'area': '237.131', 'angle': '291', 'dist_house': '[[346, 587], 13.454]', 'dist_road': '21.101'}","{'label': '5', 'center': '[403 588]', 'vercoordinate': '[[403, 603], [393, 599], [403, 573], [413, 577]]', 'side': '[27.857, 10.77]', 'area': '300.02', 'angle': '288', 'dist_house': '[[389, 613], 28.653]', 'dist_road': '32.249'}","{'label': '5', 'center': '[326 585]', 'vercoordinate': '[[326, 602], [316, 599], [325, 569], [335, 572]]', 'side': '[31.321, 10.44]', 'area': '326.991', 'angle': '211', 'dist_house': '[[346, 587], 20.1]', 'dist_road': '4.61'}","{'label': '5', 'center': '[401 558]', 'vercoordinate': '[[403, 569], [395, 567], [399, 547], [407, 549]]', 'side': '[20.396, 8.246]', 'area': '168.185', 'angle': '284', 'dist_house': '[[417, 562], 16.492]', 'dist_road': '6.0'}","{'label': '9', 'center': '[435 563]', 'vercoordinate': '[[441, 571], [426, 566], [430, 555], [444, 560]]', 'side': '[15.811, 11.402]', 'area': '180.277', 'angle': '18', 'dist_house': '[[417, 562], 18.028]', 'dist_road': '7.382'}","{'label': '9', 'center': '[341 558]', 'vercoordinate': '[[347, 562], [335, 562], [335, 554], [347, 554]]', 'side': '[12.0, 8.0]', 'area': '96.0', 'angle': '256', 'dist_house': '[[346, 587], 29.428]', 'dist_road': '6.708'}","{'label': '9', 'center': '[417 562]', 'vercoordinate': '[[418, 573], [410, 570], [416, 550], [425, 553]]', 'side': '[21.19, 8.544]', 'area': '181.047', 'angle': '287', 'dist_house': '[[401, 558], 16.492]', 'dist_road': '7.649'}","{'label': '9', 'center': '[374 566]', 'vercoordinate': '[[379, 583], [360, 577], [368, 550], [387, 555]]', 'side': '[29.12, 19.925]', 'area': '580.216', 'angle': '287', 'dist_house': '[[401, 558], 28.16]', 'dist_road': '9.513'}"
"{'label': '2', 'center': '[716 556]', 'vercoordinate': '[[718, 562], [710, 558], [714, 551], [721, 554]]', 'side': '[8.944, 8.544]', 'area': '76.418', 'angle': '288', 'dist_house': '[[711, 567], 12.083]', 'dist_road': '6.042'}","{'label': '2', 'center': '[701 549]', 'vercoordinate': '[[706, 555], [694, 549], [696, 543], [708, 549]]', 'side': '[13.416, 6.325]', 'area': '84.856', 'angle': '304', 'dist_house': '[[716, 556], 16.553]', 'dist_road': '6.083'}","{'label': '4', 'center': '[711 567]', 'vercoordinate': '[[715, 573], [704, 568], [707, 561], [719, 566]]', 'side': '[12.083, 8.062]', 'area': '97.413', 'angle': '22', 'dist_house': '[[716, 556], 12.083]', 'dist_road': '5.59'}","{'label': '4', 'center': '[694 568]', 'vercoordinate': '[[695, 578], [686, 574], [693, 558], [702, 562]]', 'side': '[17.464, 9.849]', 'area': '172.003', 'angle': '293', 'dist_house': '[[682, 561], 13.892]', 'dist_road': '18.742'}","{'label': '5', 'center': '[678 590]', 'vercoordinate': '[[679, 597], [672, 594], [676, 583], [684, 586]]', 'side': '[12.083, 7.616]', 'area': '92.024', 'angle': '207', 'dist_house': '[[678, 577], 13.0]', 'dist_road': '5.025'}","{'label': '5', 'center': '[706 581]', 'vercoordinate': '[[710, 590], [698, 585], [703, 573], [715, 578]]', 'side': '[13.0, 13.0]', 'area': '169.0', 'angle': '11', 'dist_house': '[[711, 567], 14.866]', 'dist_road': '5.408'}","{'label': '5', 'center': '[678 577]', 'vercoordinate': '[[682, 582], [672, 577], [675, 572], [685, 577]]', 'side': '[11.18, 5.831]', 'area': '65.191', 'angle': '214', 'dist_house': '[[678, 590], 13.0]', 'dist_road': '5.523'}","{'label': '5', 'center': '[682 561]', 'vercoordinate': '[[684, 567], [677, 563], [681, 556], [688, 560]]', 'side': '[8.062, 8.062]', 'area': '64.996', 'angle': '207', 'dist_house': '[[694, 568], 13.892]', 'dist_road': '6.727'}","{'label': '9', 'center': '[673 603]', 'vercoordinate': '[[676, 609], [667, 604], [670, 598], [679, 603]]', 'side': '[10.296, 6.708]', 'area': '69.066', 'angle': '198', 'dist_house': '[[678, 590], 13.928]', 'dist_road': '6.727'}"
"{'label': '0', 'center': '[283 566]', 'vercoordinate': '[[283, 586], [273, 583], [283, 546], [294, 549]]', 'side': '[38.601, 10.44]', 'area': '402.994', 'angle': '291', 'dist_house': '[[295, 576], 15.62]', 'dist_road': '6.671'}","{'label': '4', 'center': '[245 622]', 'vercoordinate': '[[252, 626], [239, 626], [239, 618], [252, 618]]', 'side': '[13.0, 8.0]', 'area': '104.0', 'angle': '0', 'dist_house': '[[243, 605], 17.117]', 'dist_road': '5.0'}","{'label': '4', 'center': '[243 605]', 'vercoordinate': '[[253, 609], [233, 608], [234, 600], [254, 602]]', 'side': '[20.025, 7.071]', 'area': '141.597', 'angle': '0', 'dist_house': '[[243, 590], 15.0]', 'dist_road': '5.59'}","{'label': '4', 'center': '[291 604]', 'vercoordinate': '[[298, 612], [280, 605], [284, 596], [301, 603]]', 'side': '[19.313, 9.487]', 'area': '183.222', 'angle': '14', 'dist_house': '[[291, 590], 14.0]', 'dist_road': '4.528'}","{'label': '4', 'center': '[291 590]', 'vercoordinate': '[[294, 595], [285, 592], [288, 584], [297, 587]]', 'side': '[9.487, 8.544]', 'area': '81.057', 'angle': '14', 'dist_house': '[[291, 604], 14.0]', 'dist_road': '13.124'}","{'label': '4', 'center': '[243 590]', 'vercoordinate': '[[257, 596], [229, 596], [229, 585], [257, 585]]', 'side': '[28.0, 11.0]', 'area': '308.0', 'angle': '0', 'dist_house': '[[243, 605], 15.0]', 'dist_road': '7.433'}","{'label': '4', 'center': '[295 576]', 'vercoordinate': '[[299, 582], [290, 579], [292, 571], [301, 573]]', 'side': '[9.487, 9.22]', 'area': '87.47', 'angle': '0', 'dist_house': '[[302, 565], 13.038]', 'dist_road': '12.816'}","{'label': '4', 'center': '[302 565]', 'vercoordinate': '[[309, 572], [293, 567], [295, 559], [312, 564]]', 'side': '[16.763, 8.544]', 'area': '143.223', 'angle': '30', 'dist_house': '[[306, 554], 11.705]', 'dist_road': '5.852'}","{'label': '4', 'center': '[246 564]', 'vercoordinate': '[[249, 569], [244, 569], [244, 560], [249, 560]]', 'side': '[9.0, 5.0]', 'area': '45.0', 'angle': '284', 'dist_house': '[[261, 563], 15.033]', 'dist_road': '27.226'}","{'label': '4', 'center': '[261 563]', 'vercoordinate': '[[260, 582], [251, 579], [262, 543], [270, 546]]', 'side': '[37.363, 9.487]', 'area': '354.463', 'angle': '286', 'dist_house': '[[246, 564], 15.033]', 'dist_road': '8.5'}","{'label': '5', 'center': '[267 638]', 'vercoordinate': '[[274, 644], [261, 644], [261, 632], [274, 632]]', 'side': '[13.0, 12.0]', 'area': '156.0', 'angle': '56', 'dist_house': '[[283, 622], 22.627]', 'dist_road': '5.025'}","{'label': '5', 'center': '[283 622]', 'vercoordinate': '[[286, 629], [277, 627], [280, 615], [289, 618]]', 'side': '[11.402, 9.22]', 'area': '105.126', 'angle': '34', 'dist_house': '[[291, 604], 19.698]', 'dist_road': '10.7'}","{'label': '5', 'center': '[227 565]', 'vercoordinate': '[[224, 578], [219, 554], [229, 552], [234, 576]]', 'side': '[24.515, 10.198]', 'area': '250.004', 'angle': '0', 'dist_house': '[[246, 564], 19.026]', 'dist_road': '11.63'}","{'label': '5', 'center': '[306 554]', 'vercoordinate': '[[311, 560], [298, 555], [300, 549], [314, 554]]', 'side': '[13.928, 6.708]', 'area': '93.429', 'angle': '9', 'dist_house': '[[302, 565], 11.705]', 'dist_road': '6.576'}","{'label': '9', 'center': '[235 542]', 'vercoordinate': '[[252, 551], [215, 543], [217, 533], [254, 541]]', 'side': '[37.855, 10.198]', 'area': '386.045', 'angle': '90', 'dist_house': '[[227, 565], 24.352]', 'dist_road': '7.018'}"
"{'label': '2', 'center': '[470 535]', 'vercoordinate': '[[473, 544], [462, 542], [467, 525], [477, 528]]', 'side': '[16.492, 11.18]', 'area': '184.381', 'angle': '286', 'dist_house': '[[449, 530], 21.587]', 'dist_road': '5.099'}","{'label': '2', 'center': '[449 530]', 'vercoordinate': '[[454, 542], [438, 537], [444, 517], [461, 523]]', 'side': '[20.248, 16.763]', 'area': '339.417', 'angle': '284', 'dist_house': '[[470, 535], 21.587]', 'dist_road': '4.031'}","{'label': '2', 'center': '[425 526]', 'vercoordinate': '[[431, 535], [413, 529], [418, 516], [436, 522]]', 'side': '[18.974, 13.928]', 'area': '264.27', 'angle': '286', 'dist_house': '[[449, 530], 24.331]', 'dist_road': '8.0'}"
"{'label': '2', 'center': '[656 527]', 'vercoordinate': '[[659, 534], [649, 529], [654, 519], [664, 524]]', 'side': '[11.18, 11.18]', 'area': '124.992', 'angle': '301', 'dist_house': '[[669, 533], 14.318]', 'dist_road': '5.59'}","{'label': '4', 'center': '[625 542]', 'vercoordinate': '[[626, 547], [620, 545], [623, 536], [629, 538]]', 'side': '[9.487, 6.325]', 'area': '60.005', 'angle': '207', 'dist_house': '[[640, 537], 15.811]', 'dist_road': '4.301'}","{'label': '4', 'center': '[640 537]', 'vercoordinate': '[[644, 543], [633, 539], [636, 531], [647, 535]]', 'side': '[11.705, 8.544]', 'area': '100.008', 'angle': '202', 'dist_house': '[[639, 550], 13.038]', 'dist_road': '14.773'}","{'label': '5', 'center': '[620 557]', 'vercoordinate': '[[622, 565], [613, 562], [617, 549], [626, 552]]', 'side': '[13.601, 9.487]', 'area': '129.033', 'angle': '214', 'dist_house': '[[625, 542], 15.811]', 'dist_road': '4.717'}","{'label': '5', 'center': '[639 550]', 'vercoordinate': '[[645, 557], [630, 549], [634, 543], [648, 550]]', 'side': '[17.0, 7.616]', 'area': '129.472', 'angle': '90', 'dist_house': '[[640, 537], 13.038]', 'dist_road': '10.124'}","{'label': '5', 'center': '[664 547]', 'vercoordinate': '[[666, 553], [658, 549], [663, 541], [671, 545]]', 'side': '[9.434, 8.944]', 'area': '84.378', 'angle': '14', 'dist_house': '[[669, 533], 14.866]', 'dist_road': '4.61'}","{'label': '5', 'center': '[669 533]', 'vercoordinate': '[[671, 539], [664, 536], [668, 527], [675, 530]]', 'side': '[9.849, 7.616]', 'area': '75.01', 'angle': '297', 'dist_house': '[[656, 527], 14.318]', 'dist_road': '4.743'}","{'label': '5', 'center': '[638 516]', 'vercoordinate': '[[642, 523], [629, 516], [633, 509], [646, 515]]', 'side': '[14.765, 8.944]', 'area': '132.058', 'angle': '196', 'dist_house': '[[640, 537], 21.095]', 'dist_road': '3.354'}"
"{'label': '2', 'center': '[779 586]', 'vercoordinate': '[[779, 592], [773, 586], [779, 581], [784, 586]]', 'side': '[8.485, 7.81]', 'area': '66.268', 'angle': '27', 'dist_house': '[[769, 595], 13.454]', 'dist_road': '5.408'}","{'label': '2', 'center': '[742 578]', 'vercoordinate': '[[743, 582], [738, 580], [741, 573], [746, 576]]', 'side': '[6.708, 5.385]', 'area': '36.123', 'angle': '207', 'dist_house': '[[753, 569], 14.213]', 'dist_road': '15.89'}","{'label': '2', 'center': '[718 533]', 'vercoordinate': '[[720, 537], [717, 537], [717, 530], [720, 530]]', 'side': '[7.0, 3.0]', 'area': '21.0', 'angle': '90', 'dist_house': '[[711, 527], 9.22]', 'dist_road': '4.272'}","{'label': '2', 'center': '[711 527]', 'vercoordinate': '[[712, 531], [708, 529], [711, 524], [714, 526]]', 'side': '[5.385, 4.472]', 'area': '24.082', 'angle': '135', 'dist_house': '[[718, 533], 9.22]', 'dist_road': '6.364'}","{'label': '3', 'center': '[750 608]', 'vercoordinate': '[[752, 613], [745, 608], [748, 604], [754, 608]]', 'side': '[8.602, 5.385]', 'area': '46.322', 'angle': '117', 'dist_house': '[[755, 599], 10.296]', 'dist_road': '4.301'}","{'label': '3', 'center': '[755 599]', 'vercoordinate': '[[757, 605], [748, 598], [752, 592], [761, 599]]', 'side': '[11.402, 7.211]', 'area': '82.22', 'angle': '27', 'dist_house': '[[750, 608], 10.296]', 'dist_road': '13.946'}","{'label': '4', 'center': '[769 595]', 'vercoordinate': '[[771, 602], [762, 595], [767, 589], [776, 596]]', 'side': '[11.402, 7.81]', 'area': '89.05', 'angle': '11', 'dist_house': '[[758, 588], 13.038]', 'dist_road': '6.727'}","{'label': '5', 'center': '[763 610]', 'vercoordinate': '[[764, 616], [758, 612], [762, 605], [769, 609]]', 'side': '[8.602, 7.211]', 'area': '62.029', 'angle': '0', 'dist_house': '[[750, 608], 13.153]', 'dist_road': '4.472'}","{'label': '5', 'center': '[758 588]', 'vercoordinate': '[[761, 592], [754, 589], [756, 585], [763, 588]]', 'side': '[7.616, 4.472]', 'area': '34.059', 'angle': '214', 'dist_house': '[[755, 599], 11.402]', 'dist_road': '21.213'}","{'label': '5', 'center': '[726 593]', 'vercoordinate': '[[728, 603], [719, 600], [724, 583], [733, 586]]', 'side': '[17.72, 9.487]', 'area': '168.11', 'angle': '217', 'dist_house': '[[742, 578], 21.932]', 'dist_road': '3.808'}","{'label': '5', 'center': '[786 574]', 'vercoordinate': '[[787, 580], [780, 576], [785, 567], [792, 572]]', 'side': '[9.434, 8.062]', 'area': '76.057', 'angle': '0', 'dist_house': '[[773, 572], 13.153]', 'dist_road': '4.924'}","{'label': '5', 'center': '[753 569]', 'vercoordinate': '[[758, 577], [745, 568], [749, 562], [762, 570]]', 'side': '[15.811, 8.062]', 'area': '127.468', 'angle': '225', 'dist_house': '[[742, 578], 14.213]', 'dist_road': '18.974'}","{'label': '5', 'center': '[773 572]', 'vercoordinate': '[[771, 583], [763, 578], [775, 561], [782, 566]]', 'side': '[20.248, 9.434]', 'area': '191.02', 'angle': '302', 'dist_house': '[[786, 574], 13.153]', 'dist_road': '16.508'}","{'label': '5', 'center': '[801 535]', 'vercoordinate': '[[803, 547], [790, 540], [798, 523], [812, 530]]', 'side': '[19.235, 14.765]', 'area': '284.005', 'angle': '286', 'dist_house': '[[786, 574], 41.785]', 'dist_road': '4.743'}"
"{'label': '5', 'center': '[600 571]', 'vercoordinate': '[[602, 573], [598, 573], [598, 570], [602, 570]]', 'side': '[4.0, 3.0]', 'area': '12.0', 'angle': '117', 'dist_house': '[[589, 569], 11.18]', 'dist_road': '4.272'}","{'label': '5', 'center': '[589 569]', 'vercoordinate': '[[593, 573], [586, 573], [586, 566], [593, 566]]', 'side': '[7.0, 7.0]', 'area': '49.0', 'angle': '198', 'dist_house': '[[600, 571], 11.18]', 'dist_road': '5.025'}","{'label': '5', 'center': '[602 554]', 'vercoordinate': '[[603, 566], [599, 565], [601, 542], [604, 543]]', 'side': '[23.022, 4.123]', 'area': '94.92', 'angle': '315', 'dist_house': '[[590, 549], 13.0]', 'dist_road': '3.536'}","{'label': '5', 'center': '[590 549]', 'vercoordinate': '[[594, 562], [585, 561], [587, 536], [595, 537]]', 'side': '[25.02, 9.055]', 'area': '226.556', 'angle': '202', 'dist_house': '[[602, 554], 13.0]', 'dist_road': '5.22'}","{'label': '5', 'center': '[609 524]', 'vercoordinate': '[[606, 538], [602, 536], [612, 510], [616, 512]]', 'side': '[27.857, 4.472]', 'area': '124.577', 'angle': '0', 'dist_house': '[[602, 554], 30.806]', 'dist_road': '6.708'}"
"{'label': '2', 'center': '[678 506]', 'vercoordinate': '[[680, 515], [671, 511], [676, 496], [686, 500]]', 'side': '[16.155, 9.849]', 'area': '159.111', 'angle': '117', 'dist_house': '[[693, 513], 16.553]', 'dist_road': '4.301'}","{'label': '2', 'center': '[698 499]', 'vercoordinate': '[[699, 502], [695, 500], [698, 495], [702, 498]]', 'side': '[5.0, 4.472]', 'area': '22.36', 'angle': '0', 'dist_house': '[[710, 497], 12.166]', 'dist_road': '12.093'}","{'label': '5', 'center': '[693 513]', 'vercoordinate': '[[695, 522], [684, 516], [690, 504], [701, 510]]', 'side': '[13.416, 12.53]', 'area': '168.102', 'angle': '121', 'dist_house': '[[698, 499], 14.866]', 'dist_road': '5.0'}","{'label': '5', 'center': '[710 497]', 'vercoordinate': '[[710, 505], [704, 502], [711, 489], [717, 492]]', 'side': '[14.765, 6.708]', 'area': '99.044', 'angle': '0', 'dist_house': '[[698, 499], 12.166]', 'dist_road': '1.581'}","{'label': '5', 'center': '[693 485]', 'vercoordinate': '[[705, 494], [679, 482], [682, 476], [708, 487]]', 'side': '[28.636, 7.616]', 'area': '218.092', 'angle': '209', 'dist_house': '[[698, 499], 14.866]', 'dist_road': '4.5'}"
"{'label': '4', 'center': '[570 510]', 'vercoordinate': '[[576, 515], [562, 510], [564, 504], [578, 510]]', 'side': '[14.866, 5.385]', 'area': '80.053', 'angle': '207', 'dist_house': '[[577, 504], 9.22]', 'dist_road': '9.552'}","{'label': '4', 'center': '[577 504]', 'vercoordinate': '[[579, 506], [574, 504], [575, 501], [580, 503]]', 'side': '[5.385, 3.162]', 'area': '17.027', 'angle': '326', 'dist_house': '[[570, 510], 9.22]', 'dist_road': '13.435'}","{'label': '4', 'center': '[565 479]', 'vercoordinate': '[[567, 492], [557, 490], [563, 466], [572, 468]]', 'side': '[24.515, 10.198]', 'area': '250.004', 'angle': '211', 'dist_house': '[[587, 487], 23.409]', 'dist_road': '3.905'}","{'label': '5', 'center': '[565 570]', 'vercoordinate': '[[572, 573], [557, 571], [558, 568], [573, 569]]', 'side': '[15.133, 4.123]', 'area': '62.393', 'angle': '63', 'dist_house': '[[563, 559], 11.18]', 'dist_road': '5.025'}","{'label': '5', 'center': '[563 559]', 'vercoordinate': '[[573, 564], [554, 564], [554, 555], [573, 555]]', 'side': '[19.0, 9.0]', 'area': '171.0', 'angle': '8', 'dist_house': '[[565, 570], 11.18]', 'dist_road': '4.717'}","{'label': '5', 'center': '[547 555]', 'vercoordinate': '[[549, 570], [545, 570], [545, 541], [549, 541]]', 'side': '[29.0, 4.0]', 'area': '116.0', 'angle': '0', 'dist_house': '[[563, 559], 16.492]', 'dist_road': '4.0'}","{'label': '5', 'center': '[560 540]', 'vercoordinate': '[[565, 544], [555, 542], [556, 536], [566, 538]]', 'side': '[10.198, 6.083]', 'area': '62.034', 'angle': '202', 'dist_house': '[[559, 522], 18.028]', 'dist_road': '11.885'}","{'label': '5', 'center': '[574 521]', 'vercoordinate': '[[576, 524], [570, 521], [572, 517], [578, 520]]', 'side': '[6.708, 4.472]', 'area': '29.998', 'angle': '0', 'dist_house': '[[570, 510], 11.705]', 'dist_road': '5.831'}","{'label': '5', 'center': '[559 522]', 'vercoordinate': '[[564, 530], [550, 523], [554, 515], [567, 522]]', 'side': '[15.652, 8.544]', 'area': '133.731', 'angle': '198', 'dist_house': '[[574, 521], 15.033]', 'dist_road': '4.123'}","{'label': '5', 'center': '[587 487]', 'vercoordinate': '[[593, 494], [579, 488], [581, 481], [596, 487]]', 'side': '[15.232, 7.616]', 'area': '116.007', 'angle': '315', 'dist_house': '[[577, 504], 19.723]', 'dist_road': '6.5'}"
"{'label': '1', 'center': '[643 481]', 'vercoordinate': '[[645, 489], [641, 489], [641, 473], [645, 473]]', 'side': '[16.0, 4.0]', 'area': '64.0', 'angle': '90', 'dist_house': '[[657, 482], 14.036]', 'dist_road': '6.708'}","{'label': '3', 'center': '[654 497]', 'vercoordinate': '[[659, 507], [644, 499], [650, 488], [664, 495]]', 'side': '[17.0, 13.0]', 'area': '221.0', 'angle': '101', 'dist_house': '[[657, 482], 15.297]', 'dist_road': '4.717'}","{'label': '5', 'center': '[657 482]', 'vercoordinate': '[[664, 490], [647, 483], [651, 474], [668, 481]]', 'side': '[18.385, 9.849]', 'area': '181.074', 'angle': '14', 'dist_house': '[[665, 473], 12.042]', 'dist_road': '5.025'}","{'label': '5', 'center': '[665 473]', 'vercoordinate': '[[668, 478], [660, 474], [663, 468], [671, 472]]', 'side': '[8.944, 6.708]', 'area': '59.996', 'angle': '0', 'dist_house': '[[657, 482], 12.042]', 'dist_road': '4.5'}","{'label': '5', 'center': '[649 466]', 'vercoordinate': '[[655, 472], [640, 465], [643, 459], [658, 466]]', 'side': '[16.553, 6.708]', 'area': '111.038', 'angle': '207', 'dist_house': '[[643, 481], 16.155]', 'dist_road': '3.64'}"
"{'label': '4', 'center': '[294 503]', 'vercoordinate': '[[299, 513], [287, 512], [290, 493], [301, 495]]', 'side': '[18.111, 12.042]', 'area': '218.093', 'angle': '284', 'dist_house': '[[274, 507], 20.396]', 'dist_road': '11.885'}","{'label': '4', 'center': '[247 476]', 'vercoordinate': '[[251, 480], [244, 480], [244, 472], [251, 472]]', 'side': '[8.0, 7.0]', 'area': '56.0', 'angle': '207', 'dist_house': '[[262, 477], 15.033]', 'dist_road': '8.062'}","{'label': '4', 'center': '[262 477]', 'vercoordinate': '[[267, 483], [255, 481], [257, 470], [269, 472]]', 'side': '[12.166, 11.18]', 'area': '136.016', 'angle': '0', 'dist_house': '[[247, 476], 15.033]', 'dist_road': '12.777'}","{'label': '4', 'center': '[256 461]', 'vercoordinate': '[[264, 465], [248, 465], [248, 458], [264, 458]]', 'side': '[16.0, 7.0]', 'area': '112.0', 'angle': '0', 'dist_house': '[[262, 477], 17.088]', 'dist_road': '5.59'}","{'label': '5', 'center': '[319 514]', 'vercoordinate': '[[321, 521], [315, 520], [318, 508], [324, 509]]', 'side': '[12.369, 6.083]', 'area': '75.241', 'angle': '27', 'dist_house': '[[316, 500], 14.318]', 'dist_road': '13.463'}","{'label': '5', 'center': '[316 500]', 'vercoordinate': '[[324, 506], [307, 501], [309, 494], [326, 498]]', 'side': '[17.72, 8.246]', 'area': '146.119', 'angle': '8', 'dist_house': '[[319, 514], 14.318]', 'dist_road': '8.382'}","{'label': '5', 'center': '[274 507]', 'vercoordinate': '[[277, 530], [260, 525], [271, 484], [288, 489]]', 'side': '[42.45, 17.72]', 'area': '752.214', 'angle': '111', 'dist_house': '[[294, 503], 20.396]', 'dist_road': '5.148'}","{'label': '5', 'center': '[222 483]', 'vercoordinate': '[[209, 491], [207, 482], [235, 474], [237, 484]]', 'side': '[28.862, 9.22]', 'area': '266.108', 'angle': '166', 'dist_house': '[[213, 499], 18.358]', 'dist_road': '3.0'}","{'label': '7', 'center': '[302 527]', 'vercoordinate': '[[318, 538], [282, 527], [286, 516], [322, 526]]', 'side': '[37.643, 12.649]', 'area': '476.146', 'angle': '13', 'dist_house': '[[319, 514], 21.401]', 'dist_road': '6.5'}","{'label': '9', 'center': '[218 510]', 'vercoordinate': '[[227, 515], [210, 515], [210, 506], [227, 506]]', 'side': '[17.0, 9.0]', 'area': '153.0', 'angle': '188', 'dist_house': '[[213, 499], 12.083]', 'dist_road': '4.031'}","{'label': '9', 'center': '[213 499]', 'vercoordinate': '[[217, 501], [210, 501], [210, 497], [217, 497]]', 'side': '[7.0, 4.0]', 'area': '28.0', 'angle': '0', 'dist_house': '[[218, 510], 12.083]', 'dist_road': '5.0'}","{'label': '9', 'center': '[252 508]', 'vercoordinate': '[[253, 522], [244, 520], [251, 494], [260, 496]]', 'side': '[26.926, 9.22]', 'area': '248.258', 'angle': '105', 'dist_house': '[[239, 504], 13.601]', 'dist_road': '7.433'}","{'label': '9', 'center': '[239 504]', 'vercoordinate': '[[239, 520], [230, 517], [239, 487], [248, 490]]', 'side': '[31.321, 9.487]', 'area': '297.142', 'angle': '107', 'dist_house': '[[252, 508], 13.601]', 'dist_road': '7.382'}"
"{'label': '0', 'center': '[524 523]', 'vercoordinate': '[[530, 536], [513, 531], [518, 511], [535, 515]]', 'side': '[21.587, 17.72]', 'area': '382.522', 'angle': '30', 'dist_house': '[[530, 507], 17.088]', 'dist_road': '9.513'}","{'label': '5', 'center': '[527 561]', 'vercoordinate': '[[529, 565], [524, 564], [525, 557], [531, 558]]', 'side': '[7.28, 5.099]', 'area': '37.121', 'angle': '333', 'dist_house': '[[532, 548], 13.928]', 'dist_road': '4.743'}","{'label': '5', 'center': '[532 548]', 'vercoordinate': '[[532, 553], [529, 552], [531, 543], [534, 544]]', 'side': '[9.22, 3.162]', 'area': '29.154', 'angle': '0', 'dist_house': '[[527, 561], 13.928]', 'dist_road': '4.031'}","{'label': '5', 'center': '[517 543]', 'vercoordinate': '[[524, 551], [507, 544], [511, 536], [527, 542]]', 'side': '[18.385, 9.487]', 'area': '174.418', 'angle': '101', 'dist_house': '[[532, 548], 15.811]', 'dist_road': '11.769'}","{'label': '5', 'center': '[501 527]', 'vercoordinate': '[[506, 534], [492, 528], [496, 520], [510, 526]]', 'side': '[15.232, 8.944]', 'area': '136.235', 'angle': '198', 'dist_house': '[[503, 515], 12.166]', 'dist_road': '6.0'}","{'label': '5', 'center': '[503 515]', 'vercoordinate': '[[509, 522], [494, 515], [497, 508], [512, 514]]', 'side': '[16.553, 8.544]', 'area': '141.429', 'angle': '214', 'dist_house': '[[501, 527], 12.166]', 'dist_road': '3.808'}","{'label': '5', 'center': '[530 507]', 'vercoordinate': '[[534, 511], [524, 508], [526, 503], [536, 506]]', 'side': '[10.44, 5.385]', 'area': '56.219', 'angle': '11', 'dist_house': '[[534, 499], 8.944]', 'dist_road': '10.308'}","{'label': '5', 'center': '[506 503]', 'vercoordinate': '[[511, 510], [497, 504], [501, 496], [514, 502]]', 'side': '[15.232, 8.544]', 'area': '130.142', 'angle': '198', 'dist_house': '[[507, 491], 12.042]', 'dist_road': '4.0'}","{'label': '5', 'center': '[534 499]', 'vercoordinate': '[[539, 503], [527, 500], [529, 494], [541, 498]]', 'side': '[12.369, 5.385]', 'area': '66.607', 'angle': '11', 'dist_house': '[[530, 507], 8.944]', 'dist_road': '7.159'}","{'label': '5', 'center': '[519 495]', 'vercoordinate': '[[521, 502], [514, 499], [517, 488], [524, 491]]', 'side': '[11.402, 7.616]', 'area': '86.838', 'angle': '225', 'dist_house': '[[507, 491], 12.649]', 'dist_road': '17.734'}","{'label': '5', 'center': '[507 491]', 'vercoordinate': '[[510, 496], [501, 493], [503, 486], [513, 490]]', 'side': '[9.487, 6.708]', 'area': '63.639', 'angle': '214', 'dist_house': '[[506, 503], 12.042]', 'dist_road': '3.905'}","{'label': '5', 'center': '[532 484]', 'vercoordinate': '[[542, 492], [518, 484], [521, 476], [545, 484]]', 'side': '[25.298, 8.544]', 'area': '216.146', 'angle': '22', 'dist_house': '[[534, 499], 15.133]', 'dist_road': '6.5'}","{'label': '5', 'center': '[510 473]', 'vercoordinate': '[[512, 480], [504, 476], [508, 467], [517, 471]]', 'side': '[10.296, 8.944]', 'area': '92.087', 'angle': '214', 'dist_house': '[[507, 491], 18.248]', 'dist_road': '2.5'}","{'label': '7', 'center': '[511 558]', 'vercoordinate': '[[518, 563], [503, 557], [505, 554], [519, 559]]', 'side': '[16.155, 4.123]', 'area': '66.607', 'angle': '27', 'dist_house': '[[517, 543], 16.155]', 'dist_road': '3.354'}","{'label': '9', 'center': '[497 540]', 'vercoordinate': '[[500, 546], [490, 541], [494, 534], [504, 539]]', 'side': '[11.18, 8.062]', 'area': '90.133', 'angle': '236', 'dist_house': '[[501, 527], 13.601]', 'dist_road': '7.433'}"
"{'label': '0', 'center': '[393 504]', 'vercoordinate': '[[398, 513], [384, 509], [388, 496], [401, 500]]', 'side': '[14.56, 13.342]', 'area': '194.26', 'angle': '31', 'dist_house': '[[387, 522], 18.974]', 'dist_road': '9.192'}","{'label': '0', 'center': '[379 484]', 'vercoordinate': '[[377, 507], [364, 502], [380, 461], [393, 467]]', 'side': '[43.081, 13.928]', 'area': '600.032', 'angle': '288', 'dist_house': '[[366, 469], 19.849]', 'dist_road': '9.657'}","{'label': '0', 'center': '[366 469]', 'vercoordinate': '[[364, 484], [356, 480], [367, 453], [375, 457]]', 'side': '[29.155, 8.944]', 'area': '260.762', 'angle': '293', 'dist_house': '[[379, 484], 19.849]', 'dist_road': '4.528'}","{'label': '5', 'center': '[387 522]', 'vercoordinate': '[[391, 531], [378, 526], [382, 513], [396, 518]]', 'side': '[13.928, 13.928]', 'area': '193.989', 'angle': '11', 'dist_house': '[[369, 517], 18.682]', 'dist_road': '4.301'}","{'label': '5', 'center': '[369 517]', 'vercoordinate': '[[373, 527], [359, 520], [365, 508], [378, 515]]', 'side': '[15.652, 13.0]', 'area': '203.476', 'angle': '121', 'dist_house': '[[387, 522], 18.682]', 'dist_road': '16.978'}","{'label': '9', 'center': '[354 502]', 'vercoordinate': '[[354, 518], [345, 515], [355, 486], [364, 489]]', 'side': '[30.676, 9.487]', 'area': '291.023', 'angle': '225', 'dist_house': '[[369, 517], 21.213]', 'dist_road': '3.905'}"
"{'label': '2', 'center': '[614 464]', 'vercoordinate': '[[615, 467], [611, 466], [613, 461], [616, 461]]', 'side': '[6.083, 4.123]', 'area': '25.08', 'angle': '207', 'dist_house': '[[611, 474], 10.44]', 'dist_road': '6.021'}","{'label': '5', 'center': '[611 474]', 'vercoordinate': '[[614, 478], [606, 474], [608, 469], [616, 473]]', 'side': '[8.944, 5.385]', 'area': '48.163', 'angle': '236', 'dist_house': '[[614, 464], 10.44]', 'dist_road': '3.162'}","{'label': '5', 'center': '[624 470]', 'vercoordinate': '[[626, 475], [618, 471], [622, 465], [629, 468]]', 'side': '[8.944, 7.616]', 'area': '68.118', 'angle': '45', 'dist_house': '[[614, 464], 11.662]', 'dist_road': '5.523'}","{'label': '5', 'center': '[622 455]', 'vercoordinate': '[[629, 462], [612, 455], [616, 448], [632, 454]]', 'side': '[18.385, 8.544]', 'area': '157.081', 'angle': '202', 'dist_house': '[[614, 464], 12.042]', 'dist_road': '3.905'}"
"{'label': '0', 'center': '[477 484]', 'vercoordinate': '[[485, 495], [464, 487], [469, 472], [491, 481]]', 'side': '[22.472, 15.232]', 'area': '342.294', 'angle': '202', 'dist_house': '[[472, 503], 19.647]', 'dist_road': '5.523'}","{'label': '5', 'center': '[493 464]', 'vercoordinate': '[[493, 475], [487, 473], [492, 452], [499, 454]]', 'side': '[21.84, 6.325]', 'area': '138.138', 'angle': '333', 'dist_house': '[[475, 457], 19.313]', 'dist_road': '5.22'}","{'label': '9', 'center': '[472 503]', 'vercoordinate': '[[480, 513], [460, 504], [464, 493], [485, 502]]', 'side': '[21.932, 12.083]', 'area': '265.004', 'angle': '204', 'dist_house': '[[477, 484], 19.647]', 'dist_road': '5.22'}","{'label': '9', 'center': '[475 457]', 'vercoordinate': '[[477, 469], [467, 466], [472, 446], [483, 449]]', 'side': '[20.881, 10.44]', 'area': '217.998', 'angle': '233', 'dist_house': '[[493, 464], 19.313]', 'dist_road': '4.5'}"
"{'label': '2', 'center': '[313 462]', 'vercoordinate': '[[318, 468], [308, 468], [308, 457], [318, 457]]', 'side': '[11.0, 10.0]', 'area': '110.0', 'angle': '90', 'dist_house': '[[299, 464], 14.142]', 'dist_road': '8.544'}","{'label': '4', 'center': '[299 464]', 'vercoordinate': '[[304, 472], [295, 472], [295, 457], [304, 457]]', 'side': '[15.0, 9.0]', 'area': '135.0', 'angle': '90', 'dist_house': '[[313, 462], 14.142]', 'dist_road': '6.946'}","{'label': '5', 'center': '[340 474]', 'vercoordinate': '[[341, 486], [335, 485], [339, 461], [345, 462]]', 'side': '[24.331, 6.083]', 'area': '148.005', 'angle': '100', 'dist_house': '[[327, 469], 13.928]', 'dist_road': '1.803'}","{'label': '5', 'center': '[327 469]', 'vercoordinate': '[[331, 480], [320, 478], [322, 458], [334, 460]]', 'side': '[20.224, 11.18]', 'area': '226.104', 'angle': '90', 'dist_house': '[[340, 474], 13.928]', 'dist_road': '6.021'}","{'label': '9', 'center': '[343 452]', 'vercoordinate': '[[348, 457], [339, 457], [339, 448], [348, 448]]', 'side': '[9.0, 9.0]', 'area': '81.0', 'angle': '297', 'dist_house': '[[340, 474], 22.204]', 'dist_road': '8.382'}"
"{'label': '0', 'center': '[216 459]', 'vercoordinate': '[[205, 467], [203, 453], [226, 450], [228, 464]]', 'side': '[23.195, 14.142]', 'area': '328.024', 'angle': '338', 'dist_house': '[[188, 488], 40.311]', 'dist_road': '6.519'}","{'label': '5', 'center': '[185 513]', 'vercoordinate': '[[176, 520], [174, 510], [194, 506], [196, 516]]', 'side': '[20.396, 10.198]', 'area': '207.998', 'angle': '169', 'dist_house': '[[176, 491], 23.77]', 'dist_road': '5.099'}","{'label': '5', 'center': '[176 491]', 'vercoordinate': '[[174, 505], [170, 478], [178, 477], [181, 504]]', 'side': '[27.295, 7.071]', 'area': '193.003', 'angle': '0', 'dist_house': '[[188, 488], 12.369]', 'dist_road': '5.025'}","{'label': '5', 'center': '[188 488]', 'vercoordinate': '[[186, 501], [183, 476], [191, 475], [194, 500]]', 'side': '[25.179, 8.062]', 'area': '202.993', 'angle': '342', 'dist_house': '[[176, 491], 12.369]', 'dist_road': '8.515'}"
"{'label': '3', 'center': '[717 434]', 'vercoordinate': '[[721, 442], [709, 437], [714, 426], [726, 431]]', 'side': '[13.0, 12.083]', 'area': '157.079', 'angle': '219', 'dist_house': '[[727, 444], 14.142]', 'dist_road': '5.852'}","{'label': '5', 'center': '[724 454]', 'vercoordinate': '[[726, 458], [720, 455], [722, 450], [728, 453]]', 'side': '[6.708, 5.385]', 'area': '36.123', 'angle': '135', 'dist_house': '[[727, 444], 10.44]', 'dist_road': '3.64'}","{'label': '5', 'center': '[736 447]', 'vercoordinate': '[[736, 453], [731, 451], [735, 440], [741, 442]]', 'side': '[12.083, 5.385]', 'area': '65.067', 'angle': '292', 'dist_house': '[[727, 444], 9.487]', 'dist_road': '4.528'}","{'label': '5', 'center': '[727 444]', 'vercoordinate': '[[728, 448], [723, 446], [726, 439], [731, 441]]', 'side': '[7.616, 5.385]', 'area': '41.012', 'angle': '284', 'dist_house': '[[736, 447], 9.487]', 'dist_road': '13.463'}"
"{'label': '1', 'center': '[595 457]', 'vercoordinate': '[[595, 469], [588, 467], [595, 445], [602, 448]]', 'side': '[22.136, 7.28]', 'area': '161.15', 'angle': '101', 'dist_house': '[[583, 456], 12.042]', 'dist_road': '5.523'}","{'label': '2', 'center': '[583 456]', 'vercoordinate': '[[584, 461], [578, 458], [581, 451], [587, 454]]', 'side': '[7.616, 6.708]', 'area': '51.088', 'angle': '135', 'dist_house': '[[595, 457], 12.042]', 'dist_road': '5.315'}","{'label': '2', 'center': '[576 443]', 'vercoordinate': '[[579, 447], [573, 447], [573, 440], [579, 440]]', 'side': '[7.0, 6.0]', 'area': '42.0', 'angle': '198', 'dist_house': '[[581, 433], 11.18]', 'dist_road': '7.826'}","{'label': '3', 'center': '[581 433]', 'vercoordinate': '[[585, 438], [574, 433], [577, 428], [588, 434]]', 'side': '[12.083, 5.0]', 'area': '60.415', 'angle': '202', 'dist_house': '[[576, 443], 11.18]', 'dist_road': '4.272'}"
"{'label': '3', 'center': '[525 444]', 'vercoordinate': '[[531, 451], [516, 445], [519, 437], [534, 443]]', 'side': '[16.155, 8.544]', 'area': '138.028', 'angle': '210', 'dist_house': '[[526, 428], 16.031]', 'dist_road': '3.041'}","{'label': '5', 'center': '[547 444]', 'vercoordinate': '[[552, 451], [539, 446], [543, 437], [555, 442]]', 'side': '[13.928, 9.487]', 'area': '132.135', 'angle': '11', 'dist_house': '[[537, 433], 14.866]', 'dist_road': '6.042'}","{'label': '5', 'center': '[537 433]', 'vercoordinate': '[[538, 439], [533, 437], [536, 427], [541, 428]]', 'side': '[11.402, 5.385]', 'area': '61.4', 'angle': '284', 'dist_house': '[[526, 428], 12.083]', 'dist_road': '16.771'}","{'label': '5', 'center': '[526 428]', 'vercoordinate': '[[529, 436], [519, 432], [524, 419], [534, 423]]', 'side': '[13.928, 10.77]', 'area': '150.005', 'angle': '214', 'dist_house': '[[537, 433], 12.083]', 'dist_road': '3.808'}","{'label': '5', 'center': '[552 426]', 'vercoordinate': '[[555, 433], [545, 430], [548, 419], [558, 422]]', 'side': '[11.402, 10.44]', 'area': '119.037', 'angle': '284', 'dist_house': '[[537, 433], 16.553]', 'dist_road': '7.159'}","{'label': '5', 'center': '[534 413]', 'vercoordinate': '[[540, 419], [525, 413], [528, 406], [543, 412]]', 'side': '[16.155, 7.616]', 'area': '123.036', 'angle': '210', 'dist_house': '[[526, 428], 17.0]', 'dist_road': '4.272'}"
"{'label': '3', 'center': '[501 426]', 'vercoordinate': '[[505, 434], [492, 429], [496, 417], [509, 422]]', 'side': '[13.928, 12.649]', 'area': '176.175', 'angle': '11', 'dist_house': '[[510, 409], 19.235]', 'dist_road': '5.099'}","{'label': '5', 'center': '[510 409]', 'vercoordinate': '[[510, 418], [504, 416], [510, 400], [516, 403]]', 'side': '[16.155, 6.325]', 'area': '102.18', 'angle': '288', 'dist_house': '[[501, 426], 19.235]', 'dist_road': '3.5'}","{'label': '9', 'center': '[485 414]', 'vercoordinate': '[[488, 424], [478, 422], [483, 405], [492, 407]]', 'side': '[17.464, 10.198]', 'area': '178.098', 'angle': '225', 'dist_house': '[[501, 426], 20.0]', 'dist_road': '3.536'}"
"{'label': '2', 'center': '[713 472]', 'vercoordinate': '[[715, 477], [709, 474], [712, 467], [718, 470]]', 'side': '[7.616, 6.708]', 'area': '51.088', 'angle': '117', 'dist_house': '[[724, 476], 11.705]', 'dist_road': '4.61'}","{'label': '5', 'center': '[813 508]', 'vercoordinate': '[[805, 512], [804, 506], [821, 504], [822, 510]]', 'side': '[17.117, 6.083]', 'area': '104.123', 'angle': '45', 'dist_house': '[[803, 496], 15.62]', 'dist_road': '4.031'}","{'label': '5', 'center': '[791 506]', 'vercoordinate': '[[794, 511], [785, 508], [788, 501], [796, 503]]', 'side': '[9.487, 8.246]', 'area': '78.23', 'angle': '153', 'dist_house': '[[803, 496], 15.62]', 'dist_road': '4.95'}","{'label': '5', 'center': '[775 501]', 'vercoordinate': '[[780, 507], [767, 500], [770, 495], [783, 501]]', 'side': '[14.765, 6.708]', 'area': '99.044', 'angle': '117', 'dist_house': '[[791, 506], 16.763]', 'dist_road': '4.95'}","{'label': '5', 'center': '[803 496]', 'vercoordinate': '[[804, 502], [797, 499], [801, 490], [809, 494]]', 'side': '[9.434, 7.616]', 'area': '71.849', 'angle': '135', 'dist_house': '[[813, 508], 15.62]', 'dist_road': '15.508'}","{'label': '5', 'center': '[745 488]', 'vercoordinate': '[[748, 491], [741, 488], [743, 484], [750, 488]]', 'side': '[7.616, 3.606]', 'area': '27.463', 'angle': '0', 'dist_house': '[[738, 477], 13.038]', 'dist_road': '6.042'}","{'label': '5', 'center': '[738 477]', 'vercoordinate': '[[739, 483], [732, 478], [736, 472], [743, 477]]', 'side': '[8.602, 7.211]', 'area': '62.029', 'angle': '135', 'dist_house': '[[745, 488], 13.038]', 'dist_road': '9.055'}","{'label': '5', 'center': '[724 476]', 'vercoordinate': '[[726, 482], [719, 479], [723, 470], [730, 474]]', 'side': '[8.944, 7.616]', 'area': '68.118', 'angle': '108', 'dist_house': '[[713, 472], 11.705]', 'dist_road': '4.95'}","{'label': '5', 'center': '[813 479]', 'vercoordinate': '[[813, 493], [801, 486], [813, 466], [824, 472]]', 'side': '[23.707, 13.892]', 'area': '329.338', 'angle': '22', 'dist_house': '[[803, 496], 19.723]', 'dist_road': '21.829'}","{'label': '5', 'center': '[828 465]', 'vercoordinate': '[[828, 472], [822, 468], [828, 458], [834, 462]]', 'side': '[11.662, 7.211]', 'area': '84.095', 'angle': '0', 'dist_house': '[[837, 479], 16.643]', 'dist_road': '17.464'}","{'label': '5', 'center': '[837 479]', 'vercoordinate': '[[828, 502], [823, 500], [845, 455], [850, 457]]', 'side': '[50.09, 5.385]', 'area': '269.735', 'angle': '0', 'dist_house': '[[828, 465], 16.643]', 'dist_road': '4.61'}","{'label': '5', 'center': '[860 442]', 'vercoordinate': '[[859, 448], [856, 446], [862, 436], [865, 438]]', 'side': '[11.662, 3.606]', 'area': '42.053', 'angle': '27', 'dist_house': '[[855, 431], 12.083]', 'dist_road': '5.0'}","{'label': '5', 'center': '[855 431]', 'vercoordinate': '[[852, 443], [845, 438], [858, 420], [865, 425]]', 'side': '[22.204, 8.602]', 'area': '190.999', 'angle': '45', 'dist_house': '[[860, 442], 12.083]', 'dist_road': '12.093'}","{'label': '5', 'center': '[871 415]', 'vercoordinate': '[[873, 424], [861, 414], [868, 406], [880, 416]]', 'side': '[15.62, 10.63]', 'area': '166.041', 'angle': '31', 'dist_house': '[[855, 431], 22.627]', 'dist_road': '4.61'}"
"{'label': '0', 'center': '[406 440]', 'vercoordinate': '[[407, 453], [397, 449], [405, 428], [414, 431]]', 'side': '[23.087, 10.77]', 'area': '248.647', 'angle': '110', 'dist_house': '[[422, 444], 16.492]', 'dist_road': '5.0'}","{'label': '1', 'center': '[449 435]', 'vercoordinate': '[[451, 450], [439, 446], [447, 419], [460, 423]]', 'side': '[28.46, 12.649]', 'area': '359.991', 'angle': '18', 'dist_house': '[[433, 415], 25.612]', 'dist_road': '10.512'}","{'label': '2', 'center': '[414 414]', 'vercoordinate': '[[417, 422], [407, 418], [411, 407], [421, 410]]', 'side': '[12.649, 10.77]', 'area': '136.23', 'angle': '207', 'dist_house': '[[433, 415], 19.026]', 'dist_road': '3.354'}","{'label': '2', 'center': '[450 463]', 'vercoordinate': '[[453, 470], [445, 468], [448, 455], [456, 457]]', 'side': '[13.342, 8.246]', 'area': '110.018', 'angle': '99', 'dist_house': '[[449, 435], 28.018]', 'dist_road': '4.301'}","{'label': '2', 'center': '[465 409]', 'vercoordinate': '[[467, 418], [458, 416], [462, 400], [472, 403]]', 'side': '[15.811, 9.22]', 'area': '145.777', 'angle': '281', 'dist_house': '[[452, 402], 14.765]', 'dist_road': '3.536'}","{'label': '5', 'center': '[452 402]', 'vercoordinate': '[[455, 411], [445, 408], [450, 393], [460, 396]]', 'side': '[15.811, 10.44]', 'area': '165.067', 'angle': '292', 'dist_house': '[[465, 409], 14.765]', 'dist_road': '4.924'}","{'label': '5', 'center': '[422 444]', 'vercoordinate': '[[423, 460], [411, 456], [421, 428], [433, 432]]', 'side': '[29.732, 12.649]', 'area': '376.08', 'angle': '103', 'dist_house': '[[406, 440], 16.492]', 'dist_road': '4.0'}","{'label': '5', 'center': '[433 415]', 'vercoordinate': '[[438, 426], [422, 420], [428, 404], [443, 409]]', 'side': '[17.72, 17.088]', 'area': '302.799', 'angle': '207', 'dist_house': '[[414, 414], 19.026]', 'dist_road': '14.23'}"
"{'label': '5', 'center': '[687 418]', 'vercoordinate': '[[695, 426], [676, 416], [679, 410], [698, 420]]', 'side': '[21.471, 6.708]', 'area': '144.027', 'angle': '21', 'dist_house': '[[646, 399], 45.188]', 'dist_road': '4.272'}","{'label': '5', 'center': '[733 414]', 'vercoordinate': '[[742, 421], [721, 413], [724, 407], [744, 415]]', 'side': '[22.472, 6.325]', 'area': '142.135', 'angle': '0', 'dist_house': '[[687, 418], 46.174]', 'dist_road': '4.272'}","{'label': '5', 'center': '[646 399]', 'vercoordinate': '[[664, 413], [624, 395], [629, 385], [668, 402]]', 'side': '[43.863, 11.705]', 'area': '513.416', 'angle': '208', 'dist_house': '[[607, 387], 40.804]', 'dist_road': '10.607'}","{'label': '5', 'center': '[607 387]', 'vercoordinate': '[[617, 397], [592, 386], [596, 377], [621, 388]]', 'side': '[27.313, 9.849]', 'area': '269.006', 'angle': '209', 'dist_house': '[[646, 399], 40.804]', 'dist_road': '6.519'}"
"{'label': '1', 'center': '[313 423]', 'vercoordinate': '[[317, 437], [309, 437], [309, 410], [317, 410]]', 'side': '[27.0, 8.0]', 'area': '216.0', 'angle': '95', 'dist_house': '[[293, 434], 22.825]', 'dist_road': '7.0'}","{'label': '4', 'center': '[250 426]', 'vercoordinate': '[[258, 434], [243, 434], [243, 419], [258, 419]]', 'side': '[15.0, 15.0]', 'area': '225.0', 'angle': '194', 'dist_house': '[[268, 426], 18.0]', 'dist_road': '8.016'}","{'label': '4', 'center': '[336 421]', 'vercoordinate': '[[349, 431], [324, 431], [324, 412], [349, 412]]', 'side': '[25.0, 19.0]', 'area': '475.0', 'angle': '349', 'dist_house': '[[313, 423], 23.087]', 'dist_road': '4.031'}","{'label': '4', 'center': '[292 401]', 'vercoordinate': '[[298, 415], [280, 411], [286, 386], [304, 391]]', 'side': '[24.739, 18.439]', 'area': '456.162', 'angle': '325', 'dist_house': '[[263, 394], 29.833]', 'dist_road': '11.402'}","{'label': '5', 'center': '[293 434]', 'vercoordinate': '[[283, 441], [283, 427], [303, 427], [303, 441]]', 'side': '[20.0, 14.0]', 'area': '280.0', 'angle': '90', 'dist_house': '[[313, 423], 22.825]', 'dist_road': '5.831'}","{'label': '5', 'center': '[268 426]', 'vercoordinate': '[[268, 440], [261, 438], [269, 412], [276, 414]]', 'side': '[27.203, 7.28]', 'area': '198.038', 'angle': '104', 'dist_house': '[[250, 426], 18.0]', 'dist_road': '9.014'}","{'label': '9', 'center': '[263 394]', 'vercoordinate': '[[264, 406], [254, 402], [261, 383], [271, 386]]', 'side': '[21.19, 10.77]', 'area': '228.216', 'angle': '207', 'dist_house': '[[292, 401], 29.833]', 'dist_road': '4.301'}"
"{'label': '4', 'center': '[210 381]', 'vercoordinate': '[[212, 385], [208, 385], [208, 378], [212, 378]]', 'side': '[7.0, 4.0]', 'area': '28.0', 'angle': '90', 'dist_house': '[[223, 380], 13.038]', 'dist_road': '6.021'}","{'label': '4', 'center': '[223 380]', 'vercoordinate': '[[219, 390], [219, 370], [227, 370], [227, 390]]', 'side': '[20.0, 8.0]', 'area': '160.0', 'angle': '263', 'dist_house': '[[210, 381], 13.038]', 'dist_road': '7.0'}","{'label': '4', 'center': '[237 381]', 'vercoordinate': '[[243, 394], [232, 394], [232, 368], [243, 368]]', 'side': '[26.0, 11.0]', 'area': '286.0', 'angle': '90', 'dist_house': '[[223, 380], 14.036]', 'dist_road': '8.732'}","{'label': '5', 'center': '[224 404]', 'vercoordinate': '[[228, 414], [221, 414], [221, 395], [228, 395]]', 'side': '[19.0, 7.0]', 'area': '133.0', 'angle': '90', 'dist_house': '[[213, 410], 12.53]', 'dist_road': '9.862'}","{'label': '5', 'center': '[213 410]', 'vercoordinate': '[[210, 427], [209, 394], [215, 393], [217, 426]]', 'side': '[33.015, 7.071]', 'area': '233.449', 'angle': '90', 'dist_house': '[[224, 404], 12.53]', 'dist_road': '5.523'}"
"{'label': '4', 'center': '[185 443]', 'vercoordinate': '[[190, 448], [181, 448], [181, 439], [190, 439]]', 'side': '[9.0, 9.0]', 'area': '81.0', 'angle': '198', 'dist_house': '[[187, 426], 17.117]', 'dist_road': '4.031'}","{'label': '4', 'center': '[187 426]', 'vercoordinate': '[[194, 432], [180, 432], [180, 420], [194, 420]]', 'side': '[14.0, 12.0]', 'area': '168.0', 'angle': '196', 'dist_house': '[[185, 443], 17.117]', 'dist_road': '6.0'}","{'label': '4', 'center': '[180 382]', 'vercoordinate': '[[184, 388], [176, 388], [176, 377], [184, 377]]', 'side': '[11.0, 8.0]', 'area': '88.0', 'angle': '0', 'dist_house': '[[182, 365], 17.117]', 'dist_road': '5.025'}","{'label': '4', 'center': '[182 365]', 'vercoordinate': '[[189, 370], [175, 370], [175, 360], [189, 360]]', 'side': '[14.0, 10.0]', 'area': '140.0', 'angle': '188', 'dist_house': '[[182, 348], 17.0]', 'dist_road': '5.0'}","{'label': '4', 'center': '[182 348]', 'vercoordinate': '[[189, 352], [176, 352], [176, 344], [189, 344]]', 'side': '[13.0, 8.0]', 'area': '104.0', 'angle': '90', 'dist_house': '[[182, 365], 17.0]', 'dist_road': '4.0'}","{'label': '4', 'center': '[232 339]', 'vercoordinate': '[[238, 344], [227, 344], [227, 334], [238, 334]]', 'side': '[11.0, 10.0]', 'area': '110.0', 'angle': '90', 'dist_house': '[[217, 343], 15.524]', 'dist_road': '6.021'}","{'label': '5', 'center': '[204 354]', 'vercoordinate': '[[214, 358], [194, 358], [194, 350], [214, 350]]', 'side': '[20.0, 8.0]', 'area': '160.0', 'angle': '354', 'dist_house': '[[217, 343], 17.029]', 'dist_road': '7.0'}","{'label': '5', 'center': '[217 343]', 'vercoordinate': '[[221, 346], [213, 346], [213, 340], [221, 340]]', 'side': '[8.0, 6.0]', 'area': '48.0', 'angle': '252', 'dist_house': '[[232, 339], 15.524]', 'dist_road': '8.062'}","{'label': '5', 'center': '[257 338]', 'vercoordinate': '[[270, 344], [244, 344], [244, 333], [270, 333]]', 'side': '[26.0, 11.0]', 'area': '286.0', 'angle': '288', 'dist_house': '[[232, 339], 25.02]', 'dist_road': '4.0'}","{'label': '6', 'center': '[183 403]', 'vercoordinate': '[[188, 409], [178, 409], [178, 398], [188, 398]]', 'side': '[11.0, 10.0]', 'area': '110.0', 'angle': '0', 'dist_house': '[[180, 382], 21.213]', 'dist_road': '5.025'}"
"{'label': '1', 'center': '[295 340]', 'vercoordinate': '[[300, 345], [291, 345], [291, 336], [300, 336]]', 'side': '[9.0, 9.0]', 'area': '81.0', 'angle': '207', 'dist_house': '[[309, 338], 14.142]', 'dist_road': '10.548'}","{'label': '1', 'center': '[309 338]', 'vercoordinate': '[[312, 341], [306, 341], [306, 335], [312, 335]]', 'side': '[6.0, 6.0]', 'area': '36.0', 'angle': '90', 'dist_house': '[[295, 340], 14.142]', 'dist_road': '6.403'}","{'label': '5', 'center': '[295 355]', 'vercoordinate': '[[303, 362], [284, 358], [286, 349], [305, 353]]', 'side': '[19.416, 9.22]', 'area': '179.016', 'angle': '194', 'dist_house': '[[295, 340], 15.0]', 'dist_road': '1.118'}","{'label': '9', 'center': '[331 379]', 'vercoordinate': '[[344, 385], [319, 385], [319, 373], [344, 373]]', 'side': '[25.0, 12.0]', 'area': '300.0', 'angle': '351', 'dist_house': '[[323, 356], 24.352]', 'dist_road': '6.083'}","{'label': '9', 'center': '[323 356]', 'vercoordinate': '[[330, 362], [316, 362], [316, 351], [330, 351]]', 'side': '[14.0, 11.0]', 'area': '154.0', 'angle': '351', 'dist_house': '[[309, 338], 22.804]', 'dist_road': '7.433'}"
"{'label': '0', 'center': '[386 378]', 'vercoordinate': '[[384, 396], [376, 393], [389, 360], [396, 363]]', 'side': '[35.114, 8.544]', 'area': '300.014', 'angle': '342', 'dist_house': '[[367, 378], 19.0]', 'dist_road': '23.049'}","{'label': '1', 'center': '[369 338]', 'vercoordinate': '[[369, 353], [361, 350], [370, 324], [378, 327]]', 'side': '[27.514, 8.544]', 'area': '235.08', 'angle': '293', 'dist_house': '[[382, 345], 14.765]', 'dist_road': '5.315'}","{'label': '4', 'center': '[366 409]', 'vercoordinate': '[[373, 422], [360, 422], [360, 397], [373, 397]]', 'side': '[25.0, 13.0]', 'area': '325.0', 'angle': '202', 'dist_house': '[[367, 378], 31.016]', 'dist_road': '3.041'}","{'label': '5', 'center': '[367 378]', 'vercoordinate': '[[374, 383], [360, 381], [361, 374], [375, 375]]', 'side': '[14.142, 8.062]', 'area': '114.013', 'angle': '189', 'dist_house': '[[367, 363], 15.0]', 'dist_road': '5.523'}","{'label': '5', 'center': '[382 345]', 'vercoordinate': '[[383, 359], [373, 355], [381, 332], [392, 336]]', 'side': '[24.698, 10.77]', 'area': '265.997', 'angle': '292', 'dist_house': '[[369, 338], 14.765]', 'dist_road': '6.5'}","{'label': '7', 'center': '[367 363]', 'vercoordinate': '[[378, 371], [353, 361], [356, 355], [380, 365]]', 'side': '[26.926, 6.325]', 'area': '170.307', 'angle': '207', 'dist_house': '[[367, 378], 15.0]', 'dist_road': '5.408'}"
"{'label': '5', 'center': '[306 309]', 'vercoordinate': '[[309, 315], [300, 308], [303, 303], [313, 310]]', 'side': '[11.402, 6.403]', 'area': '73.007', 'angle': '0', 'dist_house': '[[295, 301], 13.601]', 'dist_road': '4.301'}","{'label': '5', 'center': '[295 301]', 'vercoordinate': '[[297, 305], [291, 299], [294, 297], [300, 303]]', 'side': '[8.485, 3.606]', 'area': '30.597', 'angle': '135', 'dist_house': '[[306, 309], 13.601]', 'dist_road': '4.472'}","{'label': '9', 'center': '[340 334]', 'vercoordinate': '[[345, 344], [329, 334], [335, 324], [351, 335]]', 'side': '[18.868, 10.817]', 'area': '204.095', 'angle': '124', 'dist_house': '[[321, 321], 23.022]', 'dist_road': '5.657'}","{'label': '9', 'center': '[321 321]', 'vercoordinate': '[[325, 329], [312, 319], [316, 314], [329, 323]]', 'side': '[16.401, 7.211]', 'area': '118.268', 'angle': '0', 'dist_house': '[[306, 309], 19.209]', 'dist_road': '4.61'}"
"{'label': '5', 'center': '[502 379]', 'vercoordinate': '[[510, 388], [490, 380], [494, 371], [514, 378]]', 'side': '[21.541, 10.77]', 'area': '231.997', 'angle': '108', 'dist_house': '[[484, 372], 19.313]', 'dist_road': '11.0'}","{'label': '5', 'center': '[459 376]', 'vercoordinate': '[[464, 386], [448, 380], [453, 367], [469, 373]]', 'side': '[17.088, 13.928]', 'area': '238.002', 'angle': '101', 'dist_house': '[[471, 365], 16.279]', 'dist_road': '2.828'}","{'label': '5', 'center': '[484 372]', 'vercoordinate': '[[486, 378], [477, 374], [482, 366], [490, 370]]', 'side': '[9.849, 8.944]', 'area': '88.089', 'angle': '124', 'dist_house': '[[471, 365], 14.765]', 'dist_road': '17.868'}","{'label': '5', 'center': '[471 365]', 'vercoordinate': '[[474, 372], [464, 367], [468, 358], [478, 363]]', 'side': '[11.18, 9.849]', 'area': '110.112', 'angle': '124', 'dist_house': '[[484, 372], 14.765]', 'dist_road': '19.679'}","{'label': '5', 'center': '[503 357]', 'vercoordinate': '[[503, 370], [495, 367], [503, 343], [511, 346]]', 'side': '[25.298, 8.544]', 'area': '216.146', 'angle': '285', 'dist_house': '[[502, 379], 22.023]', 'dist_road': '26.5'}","{'label': '5', 'center': '[455 353]', 'vercoordinate': '[[459, 364], [445, 360], [450, 342], [465, 346]]', 'side': '[18.974, 14.56]', 'area': '276.261', 'angle': '189', 'dist_house': '[[457, 334], 19.105]', 'dist_road': '10.735'}","{'label': '5', 'center': '[476 346]', 'vercoordinate': '[[477, 357], [468, 353], [475, 335], [484, 338]]', 'side': '[20.248, 9.849]', 'area': '199.423', 'angle': '291', 'dist_house': '[[471, 365], 19.647]', 'dist_road': '34.355'}","{'label': '5', 'center': '[439 342]', 'vercoordinate': '[[442, 349], [432, 344], [437, 336], [446, 340]]', 'side': '[11.18, 9.849]', 'area': '110.112', 'angle': '117', 'dist_house': '[[455, 353], 19.416]', 'dist_road': '4.924'}","{'label': '5', 'center': '[567 340]', 'vercoordinate': '[[589, 354], [541, 335], [545, 326], [593, 345]]', 'side': '[51.624, 9.849]', 'area': '508.445', 'angle': '22', 'dist_house': '[[544, 366], 34.713]', 'dist_road': '4.717'}","{'label': '5', 'center': '[457 334]', 'vercoordinate': '[[467, 344], [442, 333], [447, 323], [471, 334]]', 'side': '[27.313, 10.77]', 'area': '294.161', 'angle': '284', 'dist_house': '[[455, 353], 19.105]', 'dist_road': '23.162'}","{'label': '8', 'center': '[544 366]', 'vercoordinate': '[[556, 394], [515, 376], [532, 337], [573, 355]]', 'side': '[44.777, 42.544]', 'area': '1904.993', 'angle': '24', 'dist_house': '[[567, 340], 34.713]', 'dist_road': '7.906'}","{'label': '9', 'center': '[441 372]', 'vercoordinate': '[[441, 380], [436, 378], [440, 365], [446, 367]]', 'side': '[13.928, 5.385]', 'area': '75.002', 'angle': '207', 'dist_house': '[[459, 376], 18.439]', 'dist_road': '3.905'}"
"{'label': '1', 'center': '[369 295]', 'vercoordinate': '[[373, 307], [358, 301], [365, 283], [380, 289]]', 'side': '[19.313, 16.155]', 'area': '312.002', 'angle': '113', 'dist_house': '[[356, 287], 15.264]', 'dist_road': '4.717'}","{'label': '5', 'center': '[356 287]', 'vercoordinate': '[[356, 297], [349, 295], [355, 277], [362, 279]]', 'side': '[18.974, 7.28]', 'area': '138.131', 'angle': '214', 'dist_house': '[[369, 295], 15.264]', 'dist_road': '3.0'}","{'label': '5', 'center': '[375 274]', 'vercoordinate': '[[379, 282], [366, 275], [370, 267], [384, 274]]', 'side': '[14.765, 9.434]', 'area': '139.293', 'angle': '207', 'dist_house': '[[382, 262], 13.892]', 'dist_road': '6.403'}","{'label': '5', 'center': '[382 262]', 'vercoordinate': '[[385, 268], [376, 265], [379, 255], [389, 258]]', 'side': '[10.77, 9.487]', 'area': '102.175', 'angle': '194', 'dist_house': '[[375, 274], 13.892]', 'dist_road': '5.852'}"
"{'label': '4', 'center': '[332 252]', 'vercoordinate': '[[335, 258], [325, 252], [328, 246], [339, 253]]', 'side': '[11.662, 6.403]', 'area': '74.672', 'angle': '297', 'dist_house': '[[318, 248], 14.56]', 'dist_road': '4.95'}","{'label': '4', 'center': '[318 248]', 'vercoordinate': '[[315, 258], [309, 255], [321, 238], [326, 242]]', 'side': '[19.416, 6.708]', 'area': '130.243', 'angle': '302', 'dist_house': '[[332, 252], 14.56]', 'dist_road': '3.905'}","{'label': '5', 'center': '[314 284]', 'vercoordinate': '[[323, 302], [294, 278], [305, 265], [333, 289]]', 'side': '[37.643, 16.401]', 'area': '617.383', 'angle': '135', 'dist_house': '[[338, 270], 27.785]', 'dist_road': '5.148'}","{'label': '9', 'center': '[338 270]', 'vercoordinate': '[[335, 283], [329, 280], [341, 257], [347, 260]]', 'side': '[25.942, 6.708]', 'area': '174.019', 'angle': '294', 'dist_house': '[[332, 252], 18.974]', 'dist_road': '5.315'}"
"{'label': '4', 'center': '[185 323]', 'vercoordinate': '[[190, 325], [181, 325], [181, 322], [190, 322]]', 'side': '[9.0, 3.0]', 'area': '27.0', 'angle': '117', 'dist_house': '[[190, 309], 14.866]', 'dist_road': '6.021'}","{'label': '4', 'center': '[246 318]', 'vercoordinate': '[[253, 322], [239, 322], [239, 314], [253, 314]]', 'side': '[14.0, 8.0]', 'area': '112.0', 'angle': '90', 'dist_house': '[[231, 306], 19.209]', 'dist_road': '5.0'}","{'label': '4', 'center': '[269 310]', 'vercoordinate': '[[278, 314], [260, 314], [260, 307], [278, 307]]', 'side': '[18.0, 7.0]', 'area': '126.0', 'angle': '353', 'dist_house': '[[251, 297], 22.204]', 'dist_road': '9.552'}","{'label': '4', 'center': '[190 309]', 'vercoordinate': '[[197, 313], [184, 313], [184, 306], [197, 306]]', 'side': '[13.0, 7.0]', 'area': '91.0', 'angle': '189', 'dist_house': '[[185, 323], 14.866]', 'dist_road': '5.025'}","{'label': '4', 'center': '[231 306]', 'vercoordinate': '[[227, 312], [224, 302], [235, 299], [238, 309]]', 'side': '[11.402, 10.44]', 'area': '119.037', 'angle': '248', 'dist_house': '[[246, 318], 19.209]', 'dist_road': '15.508'}","{'label': '4', 'center': '[211 294]', 'vercoordinate': '[[214, 302], [204, 299], [208, 286], [219, 289]]', 'side': '[13.928, 10.44]', 'area': '145.408', 'angle': '217', 'dist_house': '[[195, 291], 16.279]', 'dist_road': '21.983'}","{'label': '4', 'center': '[195 291]', 'vercoordinate': '[[198, 297], [188, 294], [191, 285], [201, 289]]', 'side': '[10.44, 8.544]', 'area': '89.199', 'angle': '202', 'dist_house': '[[198, 276], 15.297]', 'dist_road': '5.523'}","{'label': '4', 'center': '[198 276]', 'vercoordinate': '[[200, 284], [191, 280], [196, 268], [205, 272]]', 'side': '[13.0, 9.849]', 'area': '128.037', 'angle': '217', 'dist_house': '[[201, 262], 14.318]', 'dist_road': '4.924'}","{'label': '4', 'center': '[201 262]', 'vercoordinate': '[[203, 266], [197, 264], [199, 258], [205, 260]]', 'side': '[6.325, 6.325]', 'area': '40.006', 'angle': '225', 'dist_house': '[[207, 249], 14.318]', 'dist_road': '5.385'}","{'label': '4', 'center': '[208 230]', 'vercoordinate': '[[208, 237], [204, 236], [209, 222], [213, 224]]', 'side': '[13.928, 4.123]', 'area': '57.425', 'angle': '293', 'dist_house': '[[207, 249], 19.026]', 'dist_road': '4.031'}","{'label': '5', 'center': '[212 316]', 'vercoordinate': '[[221, 322], [202, 321], [203, 310], [222, 312]]', 'side': '[19.026, 10.05]', 'area': '191.211', 'angle': '76', 'dist_house': '[[231, 306], 21.471]', 'dist_road': '7.382'}","{'label': '5', 'center': '[251 297]', 'vercoordinate': '[[245, 309], [238, 301], [256, 285], [263, 293]]', 'side': '[24.083, 10.63]', 'area': '256.002', 'angle': '307', 'dist_house': '[[242, 278], 21.024]', 'dist_road': '5.315'}","{'label': '5', 'center': '[224 284]', 'vercoordinate': '[[234, 295], [210, 279], [214, 273], [238, 289]]', 'side': '[28.844, 7.211]', 'area': '207.994', 'angle': '216', 'dist_house': '[[211, 294], 16.401]', 'dist_road': '22.804'}","{'label': '5', 'center': '[242 278]', 'vercoordinate': '[[242, 285], [236, 281], [243, 271], [249, 276]]', 'side': '[11.402, 7.211]', 'area': '82.22', 'angle': '315', 'dist_house': '[[224, 284], 18.974]', 'dist_road': '7.433'}","{'label': '5', 'center': '[207 249]', 'vercoordinate': '[[210, 254], [205, 254], [205, 244], [210, 244]]', 'side': '[10.0, 5.0]', 'area': '50.0', 'angle': '284', 'dist_house': '[[217, 247], 10.198]', 'dist_road': '8.246'}","{'label': '5', 'center': '[217 247]', 'vercoordinate': '[[218, 259], [212, 258], [217, 234], [223, 236]]', 'side': '[23.537, 6.083]', 'area': '143.176', 'angle': '287', 'dist_house': '[[207, 249], 10.198]', 'dist_road': '11.705'}"
"{'label': '1', 'center': '[277 266]', 'vercoordinate': '[[278, 271], [273, 266], [276, 262], [281, 267]]', 'side': '[7.071, 5.0]', 'area': '35.355', 'angle': '34', 'dist_house': '[[270, 275], 11.402]', 'dist_road': '8.846'}","{'label': '1', 'center': '[260 258]', 'vercoordinate': '[[259, 264], [254, 257], [261, 252], [266, 258]]', 'side': '[9.22, 8.602]', 'area': '79.31', 'angle': '146', 'dist_house': '[[277, 266], 18.788]', 'dist_road': '4.95'}","{'label': '4', 'center': '[284 253]', 'vercoordinate': '[[285, 260], [278, 255], [283, 247], [290, 252]]', 'side': '[9.434, 8.602]', 'area': '81.151', 'angle': '34', 'dist_house': '[[280, 241], 12.649]', 'dist_road': '9.605'}","{'label': '4', 'center': '[252 214]', 'vercoordinate': '[[247, 222], [242, 213], [258, 205], [262, 214]]', 'side': '[17.0, 10.296]', 'area': '175.032', 'angle': '153', 'dist_house': '[[246, 204], 11.662]', 'dist_road': '14.577'}","{'label': '4', 'center': '[325 204]', 'vercoordinate': '[[322, 210], [318, 206], [327, 197], [331, 201]]', 'side': '[12.728, 5.657]', 'area': '72.002', 'angle': '63', 'dist_house': '[[299, 226], 34.059]', 'dist_road': '5.701'}","{'label': '4', 'center': '[276 192]', 'vercoordinate': '[[283, 200], [267, 198], [269, 185], [285, 187]]', 'side': '[16.125, 13.153]', 'area': '212.092', 'angle': '281', 'dist_house': '[[246, 204], 32.311]', 'dist_road': '5.385'}","{'label': '5', 'center': '[280 241]', 'vercoordinate': '[[278, 245], [275, 240], [282, 237], [284, 242]]', 'side': '[6.708, 5.831]', 'area': '39.114', 'angle': '162', 'dist_house': '[[291, 239], 11.18]', 'dist_road': '21.915'}","{'label': '5', 'center': '[291 239]', 'vercoordinate': '[[295, 247], [284, 236], [288, 232], [299, 243]]', 'side': '[15.556, 5.657]', 'area': '88.0', 'angle': '39', 'dist_house': '[[280, 241], 11.18]', 'dist_road': '8.062'}","{'label': '5', 'center': '[248 238]', 'vercoordinate': '[[246, 243], [243, 236], [250, 232], [254, 240]]', 'side': '[8.544, 7.616]', 'area': '65.071', 'angle': '0', 'dist_house': '[[240, 224], 16.125]', 'dist_road': '4.528'}","{'label': '5', 'center': '[240 224]', 'vercoordinate': '[[239, 230], [235, 221], [240, 218], [244, 227]]', 'side': '[9.849, 5.831]', 'area': '57.43', 'angle': '0', 'dist_house': '[[252, 214], 15.62]', 'dist_road': '4.61'}","{'label': '5', 'center': '[299 226]', 'vercoordinate': '[[300, 238], [289, 218], [298, 214], [309, 234]]', 'side': '[22.825, 9.849]', 'area': '224.803', 'angle': '58', 'dist_house': '[[291, 239], 15.264]', 'dist_road': '6.801'}","{'label': '5', 'center': '[246 204]', 'vercoordinate': '[[236, 210], [234, 206], [256, 197], [258, 201]]', 'side': '[23.77, 4.472]', 'area': '106.299', 'angle': '160', 'dist_house': '[[252, 214], 11.662]', 'dist_road': '12.728'}","{'label': '8', 'center': '[270 275]', 'vercoordinate': '[[272, 281], [263, 274], [268, 269], [276, 276]]', 'side': '[11.402, 6.403]', 'area': '73.007', 'angle': '117', 'dist_house': '[[277, 266], 11.402]', 'dist_road': '4.301'}"
"{'label': '4', 'center': '[360 243]', 'vercoordinate': '[[364, 251], [352, 245], [357, 235], [369, 241]]', 'side': '[13.416, 11.18]', 'area': '149.991', 'angle': '18', 'dist_house': '[[341, 228], 24.207]', 'dist_road': '7.433'}","{'label': '4', 'center': '[341 228]', 'vercoordinate': '[[346, 240], [328, 228], [336, 216], [354, 228]]', 'side': '[21.633, 14.422]', 'area': '311.991', 'angle': '112', 'dist_house': '[[360, 243], 24.207]', 'dist_road': '4.243'}","{'label': '4', 'center': '[422 203]', 'vercoordinate': '[[428, 212], [411, 207], [415, 193], [433, 199]]', 'side': '[17.72, 13.928]', 'area': '246.804', 'angle': '16', 'dist_house': '[[360, 243], 73.783]', 'dist_road': '6.364'}"
"{'label': '4', 'center': '[287 168]', 'vercoordinate': '[[297, 173], [278, 173], [278, 164], [297, 164]]', 'side': '[19.0, 9.0]', 'area': '171.0', 'angle': '352', 'dist_house': '[[297, 148], 22.361]', 'dist_road': '5.22'}","{'label': '4', 'center': '[255 165]', 'vercoordinate': '[[251, 169], [251, 161], [259, 161], [259, 169]]', 'side': '[8.0, 8.0]', 'area': '64.0', 'angle': '117', 'dist_house': '[[249, 152], 14.318]', 'dist_road': '4.472'}","{'label': '4', 'center': '[248 125]', 'vercoordinate': '[[250, 135], [241, 132], [246, 115], [255, 118]]', 'side': '[17.72, 9.487]', 'area': '168.11', 'angle': '214', 'dist_house': '[[257, 142], 19.235]', 'dist_road': '5.148'}","{'label': '4', 'center': '[264 104]', 'vercoordinate': '[[272, 113], [257, 113], [257, 95], [272, 95]]', 'side': '[18.0, 15.0]', 'area': '270.0', 'angle': '191', 'dist_house': '[[248, 125], 26.401]', 'dist_road': '7.616'}","{'label': '5', 'center': '[249 152]', 'vercoordinate': '[[262, 157], [234, 155], [235, 147], [263, 150]]', 'side': '[28.071, 7.071]', 'area': '198.49', 'angle': '184', 'dist_house': '[[257, 142], 12.806]', 'dist_road': '4.5'}","{'label': '5', 'center': '[297 148]', 'vercoordinate': '[[295, 151], [295, 145], [299, 145], [299, 151]]', 'side': '[6.0, 4.0]', 'area': '24.0', 'angle': '0', 'dist_house': '[[287, 168], 22.361]', 'dist_road': '6.325'}","{'label': '5', 'center': '[257 142]', 'vercoordinate': '[[268, 145], [244, 143], [245, 140], [269, 142]]', 'side': '[24.083, 3.162]', 'area': '76.15', 'angle': '185', 'dist_house': '[[249, 152], 12.806]', 'dist_road': '10.794'}","{'label': '5', 'center': '[283  83]', 'vercoordinate': '[[285, 93], [278, 92], [281, 73], [288, 74]]', 'side': '[19.235, 7.071]', 'area': '136.011', 'angle': '0', 'dist_house': '[[264, 104], 28.32]', 'dist_road': '7.382'}"
